vbe: Initialising...
vbe: Version: 3.0
vbe: OEM: SeaBIOS VBE(C) 2011
vbe: Graphics vendor: SeaBIOS Developers
vbe: Product name: SeaBIOS VBE Adapter
vbe: Product revision: Rev. 1
edid: Success.
vbe: EDID detected screen resolution of 1280x800
vbe: Found matching mode 0x17a, attempting to set...
vbe: Framebuffer address: 0xfd000000
edid: Success.
limine: Loading executable `boot():/boot/kernel`...
limine: Physical base:   0x5e3d8000
limine: Virtual base:    0xffffffff80000000
limine: Slide:           0x0
limine: ELF entry point: 0xffffffff8004d570
limine: Base revision:   6
limine: Requests count:  7
limine: Top of HHDM:     0x80000000
acpi: Found RSDP at 0xf52c0
limine: Loading module `boot():/boot/libflutter_engine.so`...
vbe: Initialising...
vbe: Version: 3.0
vbe: OEM: SeaBIOS VBE(C) 2011
vbe: Graphics vendor: SeaBIOS Developers
vbe: Product name: SeaBIOS VBE Adapter
vbe: Product revision: Rev. 1
edid: Success.
vbe: EDID detected screen resolution of 1280x800
vbe: Found matching mode 0x17a, attempting to set...
vbe: Mode was already set, perfect!
vbe: Framebuffer address: 0xfd000000
edid: Success.
acpi: Found RSDP at 0xf52c0
acpi: Found RSDP at 0xf52c0
acpi: Found "FACP" at 0x7ffe216f
acpi: Found SMBIOS 32-bit entry point at 0xf52e0
paging: 1GiB pages are not supported!
acpi: Found RSDP at 0xf52c0
acpi: Found "APIC" at 0x7ffe2263
acpi: Found RSDP at 0xf52c0
acpi: "DMAR" not found
acpi: Found RSDP at 0xf52c0
acpi: "DMAR" not found
acpi: Found RSDP at 0xf52c0
acpi: "DMAR" not found
acpi: Found RSDP at 0xf52c0
acpi: "IVRS" not found
acpi: Found RSDP at 0xf52c0
acpi: Found "APIC" at 0x7ffe2263

[OSCORTEX] kernel_main reached
[OSCORTEX] HHDM offset: 0xffff800000000000
[ARCH] assert_required_features
[ARCH] gdt::init
[ARCH] idt::init
[ARCH] disable_pic
[ARCH] apic::init_bsp
[APIC] x2APIC online — timer armed (vec 0x30)
[ARCH] cpu::enable_fpu_simd
[ARCH] syscall::init
[ARCH] early_init complete
[OSCORTEX] arch::early_init done
[MM::Paging] Virtual memory manager online (CR3=0x000000007ff67000)
[MM::Heap] init base=0xffff800000100000 phys=0x0000000000100000
[INFO] kernel: Framebuffer: 1280x800 bpp=32 pitch=5120 addr=0xffff8000fd000000
[INFO] kernel: OSCortex kernel 0.1.0 booting...
[INFO] kernel: AI Cortex: ENABLED
[INFO] kernel: [BOOT] Limine module: libflutter_engine.so (95866952 bytes)
[INFO] kernel::drivers::registry: [Drivers] Driver registry initialised
[INFO] kernel::drivers::ps2: [PS/2] controller ready — devices: kbd=true mouse=true
[INFO] kernel::drivers::platform: [Input] PS/2 enabled (QEMU/KVM profile)
[INFO] kernel::mm::paging::x86_64_impl: [MM::Paging] MMIO mapped: phys=0xfebd4000 → virt=0xffff8000febd4000, 16 page(s)
[WARN] kernel::drivers::usb: [USB] XHCI 00:05.0 not halted after reset (USBSTS=0x1) — continuing
[INFO] kernel::drivers::usb: [USB] XHCI ready: 00:05.0 vendor=0x1B36 device=0x000D BAR=0xfebd4000 HCI=0x0100 slots=0 ports=0
[INFO] kernel::drivers::xhci_runtime: [USB] XHCI runtime started
[WARN] kernel::drivers::xhci_runtime: [USB-HID] keyboard enumeration pending (poll on vsync)
[INFO] kernel::drivers::usb: [USB] 1 XHCI controller(s) mapped and reset
[INFO] kernel::cortex::driver_gen: [Cortex::DriverGen] Native driver 'ps2' registered (id=0)
[INFO] kernel::cortex::driver_gen: [Cortex::DriverGen] Native driver 'xhci' registered (id=1)
[INFO] kernel::compositor: [Compositor] online (max_surfaces=32)
[INFO] kernel::sched: [Sched] Scheduler initialised (max_tasks=64, stack=32KiB, slice=5 ticks)
[INFO] kernel::security: [Security] Capability-based security model active
[INFO] kernel::ipc: [IPC] Message-passing subsystem online (cap=16 msgs/proc)
[INFO] kernel::wm: [WM] Event queue online (cap=256)
[INFO] kernel::fs: [VFS] Mounted 'initramfs' at '/'
[INFO] kernel::fs: [VFS] Virtual filesystem initialised
[INFO] kernel::drivers::uart: [UART] COM1 initialised at 115200 8-N-1
[INFO] kernel::cortex::driver_gen: [Cortex::DriverGen] Native driver 'uart' registered (id=2)
[INFO] kernel::drivers::virtio_net: [virtio-net] found at PCI 0:2 io_base=0xc0c0
[INFO] kernel::drivers::virtio_net: [virtio-net] ready — MAC 52:54:00:12:34:56 rx_q=256 tx_q=256 slots=8
[INFO] kernel::drivers::virtio_net: [virtio-net] self-test TX completion OK
[INFO] kernel::drivers::virtio_blk: [virtio-blk] found PCI 00.3 I/O base=0xc000
[INFO] kernel::drivers::virtio_blk: [virtio-blk] ready — 16384 sectors (8 MiB) qsize=256 vring_phys=0x4118000 pages=3
[INFO] kernel::drivers::virtio_blk: [virtio-blk] self-test read/write OK
[INFO] kernel::drivers::nvme: [NVMe] controller BAR0 phys=0xfebd0000
[INFO] kernel::mm::paging::x86_64_impl: [MM::Paging] MMIO mapped: phys=0xfebd0000 → virt=0xffff8000febd0000, 4 page(s)
[ERROR] kernel::drivers::nvme: [NVMe] controller fatal status
[INFO] kernel::cortex::driver_gen: [Cortex::DriverGen] Native driver 'virtio-net' registered (id=3)
[INFO] kernel::cortex::driver_gen: [Cortex::DriverGen] Native driver 'virtio-blk' registered (id=4)
[INFO] kernel::drivers::usb_hid: [USB-HID] WM route OK scancode=0x1e
[INFO] kernel::app_store: [app_store] ready — 0 apps loaded from disk
[INFO] kernel::net: [net] UDP stack online (virtio-net backend)
[INFO] kernel::net::tcp: [smoltcp] TCP/IP stack initialised IP=10.0.2.15
[DEBUG] smoltcp::socket::dhcpv4: DHCP send DISCOVER to 255.255.255.255: Repr { message_type: Discover, transaction_id: 4260165794, secs: 0, client_hardware_address: Address([82, 84, 0, 18, 52, 86]), client_ip: 0.0.0.0, your_ip: 0.0.0.0, server_ip: 0.0.0.0, router: None, subnet_mask: None, relay_agent_ip: 0.0.0.0, broadcast: false, requested_ip: None, client_identifier: Some(Address([82, 84, 0, 18, 52, 86])), server_identifier: None, parameter_request_list: Some([1, 3, 6]), dns_servers: None, max_size: Some([INFO] kernel::net::tcp: [dhcp] deconfigured
[DEBUG] smoltcp::socket::dhcpv4: DHCP recv Offer from 10.0.2.2: Repr { message_type: Offer, transaction_id: 4260165794, secs: 0, client_hardware_address: Address([82, 84, 0, 18, 52, 86]), client_ip: 0.0.0.0, your_ip: 10.0.2.15, server_ip: 10.0.2.2, router: Some(10.0.2.2), subnet_mask: Some(255.255.255.0), relay_agent_ip: 0.0.0.0, broadcast: false, requested_ip: None, client_identifier: None, server_identifier: Some(10.0.2.2), parameter_request_list: None, dns_servers: Some([10.0.2.3]), max_size: None, lease[DEBUG] smoltcp::socket::dhcpv4: DHCP send request to 255.255.255.255: Repr { message_type: Request, transaction_id: 1630584515, secs: 0, client_hardware_address: Address([82, 84, 0, 18, 52, 86]), client_ip: 0.0.0.0, your_ip: 0.0.0.0, server_ip: 0.0.0.0, router: None, subnet_mask: None, relay_agent_ip: 0.0.0.0, broadcast: false, requested_ip: Some(10.0.2.15), client_identifier: Some(Address([82, 84, 0, 18, 52, 86])), server_identifier: Some(10.0.2.2), parameter_request_list: Some([1, 3, 6]), dns_servers: No[DEBUG] smoltcp::socket::dhcpv4: DHCP recv Ack from 10.0.2.2: Repr { message_type: Ack, transaction_id: 1630584515, secs: 0, client_hardware_address: Address([82, 84, 0, 18, 52, 86]), client_ip: 0.0.0.0, your_ip: 10.0.2.15, server_ip: 10.0.2.2, router: Some(10.0.2.2), subnet_mask: Some(255.255.255.0), relay_agent_ip: 0.0.0.0, broadcast: false, requested_ip: None, client_identifier: None, server_identifier: Some(10.0.2.2), parameter_request_list: None, dns_servers: Some([10.0.2.3]), max_size: None, lease_dur[INFO] kernel::net::tcp: [dhcp] ACK ip=10.0.2.15
[INFO] kernel::net: [net] DHCP self-test OK ip=10.0.2.15
[DEBUG] smoltcp::iface::interface: address 10.0.2.2 not in neighbor cache, sending ARP request
[INFO] kernel::net: [net] TCP self-test connect OK (QEMU gateway 10.0.2.2:80)
[INFO] kernel::cortex: [Cortex] Initialising AI runtime...
[INFO] kernel::cortex: [Cortex] Starting inference engine...
[INFO] kernel::cortex::inference: [Cortex::Inference] Model capsule loaded (version=1 kind=0x01 inputs=4 hidden=8 outputs=1)
[INFO] kernel::cortex::inference: [Cortex::Inference] Built-in model capsule loaded — NN inference ACTIVE (4→8→1 i8-quantised)
[INFO] kernel::cortex: [Cortex] Inference OK
[INFO] kernel::cortex: [Cortex] Starting context graph...
[INFO] kernel::cortex::context: [Cortex::Context] Graph initialised (capacity: 4096 nodes, 16384 edges)
[INFO] kernel::cortex: [Cortex] Context OK
[INFO] kernel::cortex: [Cortex] Starting healing...
[INFO] kernel::cortex::healing: [Cortex::Healing] Self-healing watchdog armed
[INFO] kernel::cortex: [Cortex] Healing OK
[INFO] kernel::cortex: [Cortex] Starting driver generation...
[INFO] kernel::cortex::driver_gen: [Cortex::DriverGen] CDP driver registry ready (capacity: 256)
[INFO] kernel::cortex::driver_gen: [Cortex::DriverGen] Driver 'null-driver' loaded via WASM sandbox (id=5)
[INFO] kernel::cortex::driver_gen: [Cortex::DriverGen] Built-in null driver loaded (id=5) — WASM sandbox OK
[INFO] kernel::cortex: [Cortex] Driver gen OK
[INFO] kernel::cortex: [Cortex] Starting PID-0 channel...
[INFO] kernel::cortex::pid0: [Cortex::PID0] PID-0 Cortex API registered on syscall 0x1000-0x100F
[INFO] kernel::cortex: [Cortex] PID-0 OK
[INFO] kernel::cortex::ipc: [Cortex::IPC] Per-core mailbox online (cap=32)
[INFO] kernel::cortex: [Cortex] AI runtime online — self-healing ACTIVE, driver-gen ACTIVE
[INFO] kernel::arch::x86_64::smp: [SMP] No APs — single-core
[DEBUG] kernel::process::elf: [ELF] PT_LOAD vaddr=0x400000 memsz=19882 filesz=19882 ro exec
[DEBUG] kernel::process::elf: [ELF] PT_LOAD vaddr=0x404db0 memsz=2992 filesz=2992 ro 
[DEBUG] kernel::process::elf: [ELF] PT_LOAD vaddr=0x406000 memsz=48 filesz=48 rw 
[DEBUG] kernel::process::elf: [ELF] PT_LOAD vaddr=0x406030 memsz=12632 filesz=0 rw 
[INFO] kernel::process::elf: [ELF] Loaded: entry=0x400000
[INFO] kernel::process: [Process] Spawned 'init' pid=1 entry=0x400000 rdi=0x1 rsi=0x0 rdx=0x0 parent=0
[INFO] kernel::sched: [Sched] spawned 'user-init' pid=0 stack=0xffff8000004f0d30
[INFO] kernel::process: [Process] user-init kernel task registered for pid=1
[INFO] kernel: [INIT] Spawned shell host as PID 1
[INFO] kernel: OSCortex kernel init complete — entering Cortex-managed loop
[INFO] kernel::sched: [Sched] registered 'cortex-idle' as task-1 (pid=1)
[INFO] kernel::sched: [Sched] spawned 'cortex-bg' pid=2 stack=0xffff8000004f8d30
[INFO] kernel::arch::x86_64::idt: [APIC TIMER] tick count=0
[INFO] kernel::wm: [push-vsync] #0 frame=1 baton=0x0
[INFO] kernel::cortex: [Cortex::BG] background worker started — scheduler ALIVE
[INFO] kernel::arch::x86_64::idt: [APIC TIMER] tick count=1
[INFO] kernel::arch::x86_64::idt: [APIC TIMER] tick count=2
[INFO] kernel::arch::x86_64::idt: [APIC TIMER] tick count=3
[INFO] kernel::wm: [push-vsync] #1 frame=2 baton=0x0
[INFO] kernel::arch::x86_64::idt: [APIC TIMER] tick count=4
[INFO] kernel::process: [Process] launching userspace pid=1 via SYSRET
[WARN] kernel::syscall::dispatch: [syscall] bootstrapped FS base pid=1 fs=0x7ffffffefdf0 rsp=0x7ffffffefff0
![host] starting
[INFO] kernel::syscall::handlers::engine: [dlopen] Serving libflutter_engine.so from Limine module (95866952 bytes)
[INFO] kernel::process::dl: [dl] rela table sz=1288344 count=53681 applied: REL=53608 _64=1 GLOB=71 JMP=0 other=1 oob=0
[INFO] kernel::process::dl: [dl] rela table sz=7944 count=331 applied: REL=0 _64=0 GLOB=0 JMP=331 other=0 oob=0
[INFO] kernel::process::dl: [DL] Patch2 ~promise<RTB>        @ 0x31a81b0 → ret
[INFO] kernel::process::dl: [DL] Patch6 ~promise<impeller::Context> @ 0x31a8230 → ret
[INFO] kernel::process::dl: [DL] pid=1 dlopen base=0x1000000 handle=1 exports=98
[INFO] kernel::arch::x86_64::idt: [APIC TIMER] tick count=5
[INFO] kernel::wm: [push-vsync] #2 frame=3 baton=0x0
[WARN] kernel::syscall::posix: [cond-broadcast-zero-wake] #0 pid=1 cond=0x36f8050 skip_bridge=false
[WARN] kernel::syscall::posix: [cond-broadcast] #0 pid=1 cond=0x36f8050 woke=0
[WARN] kernel::syscall::posix: [cond-broadcast-zero-wake] #1 pid=1 cond=0x36f8050 skip_bridge=false
[WARN] kernel::syscall::posix: [cond-broadcast] #1 pid=1 cond=0x36f8050 woke=0
[INFO] kernel::arch::x86_64::idt: [APIC TIMER] tick count=6
[WARN] kernel::syscall::posix: [cond-broadcast-zero-wake] #2 pid=1 cond=0x36f8050 skip_bridge=false
[WARN] kernel::syscall::posix: [cond-broadcast] #2 pid=1 cond=0x36f8050 woke=0
[WARN] kernel::syscall::posix: [cond-broadcast-zero-wake] #3 pid=1 cond=0x36f8050 skip_bridge=false
[WARN] kernel::syscall::posix: [cond-broadcast] #3 pid=1 cond=0x36f8050 woke=0
[WARN] kernel::syscall::posix: [cond-broadcast-zero-wake] #4 pid=1 cond=0x36f8050 skip_bridge=false
[WARN] kernel::syscall::posix: [cond-broadcast] #4 pid=1 cond=0x36f8050 woke=0
[WARN] kernel::syscall::posix: [cond-broadcast-zero-wake] #5 pid=1 cond=0x36f8050 skip_bridge=false
[WARN] kernel::syscall::posix: [cond-broadcast] #5 pid=1 cond=0x36f8050 woke=0
[WARN] kernel::syscall::posix: [cond-broadcast-zero-wake] #6 pid=1 cond=0x36f8050 skip_bridge=false
[WARN] kernel::syscall::posix: [cond-broadcast] #6 pid=1 cond=0x36f8050 woke=0
[WARN] kernel::syscall::posix: [cond-broadcast-zero-wake] #7 pid=1 cond=0x36f8050 skip_bridge=false
[WARN] kernel::syscall::posix: [cond-broadcast] #7 pid=1 cond=0x36f8050 woke=0
[WARN] kernel::syscall::posix: [cond-broadcast-zero-wake] #8 pid=1 cond=0x36f8050 skip_bridge=false
[WARN] kernel::syscall::posix: [cond-broadcast] #8 pid=1 cond=0x36f8050 woke=0
[WARN] kernel::syscall::posix: [cond-broadcast-zero-wake] #9 pid=1 cond=0x36f8050 skip_bridge=false
[WARN] kernel::syscall::posix: [cond-broadcast] #9 pid=1 cond=0x36f8050 woke=0
[WARN] kernel::syscall::posix: [cond-broadcast-zero-wake] #10 pid=1 cond=0x36f8050 skip_bridge=false
[WARN] kernel::syscall::posix: [cond-broadcast] #10 pid=1 cond=0x36f8050 woke=0
[WARN] kernel::syscall::posix: [cond-broadcast-zero-wake] #11 pid=1 cond=0x36f8050 skip_bridge=false
[WARN] kernel::syscall::posix: [cond-broadcast] #11 pid=1 cond=0x36f8050 woke=0
[WARN] kernel::syscall::posix: [cond-broadcast-zero-wake] #12 pid=1 cond=0x36f8050 skip_bridge=false
[WARN] kernel::syscall::posix: [cond-broadcast] #12 pid=1 cond=0x36f8050 woke=0
[WARN] kernel::syscall::posix: [cond-broadcast-zero-wake] #13 pid=1 cond=0x36f8050 skip_bridge=false
[WARN] kernel::syscall::posix: [cond-broadcast] #13 pid=1 cond=0x36f8050 woke=0
[WARN] kernel::syscall::posix: [cond-broadcast-zero-wake] #14 pid=1 cond=0x36f8050 skip_bridge=false
[WARN] kernel::syscall::posix: [cond-broadcast] #14 pid=1 cond=0x36f8050 woke=0
[WARN] kernel::syscall::posix: [cond-broadcast-zero-wake] #15 pid=1 cond=0x36f8050 skip_bridge=false
[WARN] kernel::syscall::posix: [cond-broadcast] #15 pid=1 cond=0x36f8050 woke=0
[WARN] kernel::syscall::posix: [cond-broadcast] #16 pid=1 cond=0x36f8050 woke=0
[WARN] kernel::syscall::posix: [cond-broadcast] #17 pid=1 cond=0x36f8050 woke=0
[WARN] kernel::syscall::posix: [cond-broadcast] #18 pid=1 cond=0x36f8050 woke=0
[WARN] kernel::syscall::posix: [cond-broadcast] #19 pid=1 cond=0x36f8050 woke=0
[WARN] kernel::syscall::posix: [cond-broadcast] #20 pid=1 cond=0x36f8050 woke=0
[WARN] kernel::syscall::posix: [cond-broadcast] #21 pid=1 cond=0x36f8050 woke=0
[WARN] kernel::syscall::posix: [cond-broadcast] #22 pid=1 cond=0x36f8050 woke=0
[WARN] kernel::syscall::posix: [cond-broadcast] #23 pid=1 cond=0x36f8050 woke=0
[WARN] kernel::syscall::posix: [cond-broadcast] #24 pid=1 cond=0x36f8050 woke=0
[WARN] kernel::syscall::posix: [cond-broadcast] #25 pid=1 cond=0x36f8050 woke=0
[WARN] kernel::syscall::posix: [cond-broadcast] #26 pid=1 cond=0x36f8050 woke=0
[WARN] kernel::syscall::posix: [cond-broadcast] #27 pid=1 cond=0x36f8050 woke=0
[WARN] kernel::syscall::posix: [cond-broadcast] #28 pid=1 cond=0x36f8050 woke=0
[WARN] kernel::syscall::posix: [cond-broadcast] #29 pid=1 cond=0x36f8050 woke=0
[INFO] kernel::arch::x86_64::idt: [APIC TIMER] tick count=7
[INFO] kernel::wm: [push-vsync] #3 frame=4 baton=0x0
[INFO] kernel::arch::x86_64::idt: [APIC TIMER] tick count=8
[INFO] kernel::wm: [push-vsync] #4 frame=5 baton=0x0
[INFO] kernel::arch::x86_64::idt: [APIC TIMER] tick count=9
[host] SHELL mode
[embedder] JIT snapshots: /system/flutter/flutter_assets/vm_snapshot_data
[embedder] initializing main thread message loop...
[WARN] kernel::syscall::poll: [epoll_create] pid=1 → fd=64
[WARN] kernel::syscall::poll: [timerfd_create] pid=1 → fd=65
[WARN] kernel::syscall::poll: [epoll_ctl] pid=1 epfd=64 op=1 fd=65 events=0x1
[WARN] kernel::syscall::poll: [epoll_ctl_raw] raw_bytes=[1, 0, 0, 0, 65, 0, 0, 0, 0, 0, 0, 0, 0, 0, 0, 0]
[embedder] message loop initialized!
[embedder] calling FlutterEngineInitialize...
[WARN] kernel::syscall::dispatch: [stat-trace] nr=0x45d path='/system/flutter/flutter_assets/kernel_blob.bin'
[DEBUG] kernel::syscall::handlers::fd: [sys_open] '/system/flutter/flutter_assets/kernel_blob.bin' → fd=3 (41606528 bytes)
[WARN] kernel::process: [spawn_thread] alloc stack_va=0x2d5000000 pages=512
[WARN] kernel::process: [spawn_thread] tid=2 tls_va=0x2d6000000 arg=0x2d4000010
[INFO] kernel::process: [Process] Thread tid=2 spawned in pid=1 entry=0x29c23e0 tls=0x2d6000000
[WARN] kernel::syscall::handlers::futex: [thread-create] spawned child=2 entry=0x29c23e0
[INFO] kernel::wm: [push-vsync] #5 frame=6 baton=0x0
[WARN] kernel::syscall::poll: [epoll_create] pid=2 → fd=66
[WARN] kernel::syscall::poll: [timerfd_create] pid=2 → fd=67
[WARN] kernel::syscall::poll: [epoll_ctl] pid=2 epfd=66 op=1 fd=67 events=0x1
[WARN] kernel::syscall::poll: [epoll_ctl_raw] raw_bytes=[1, 0, 0, 0, 67, 0, 0, 0, 0, 0, 0, 0, 0, 0, 0, 0]
[WARN] kernel::syscall::posix: [cond-signal] #0 pid=2 cond=0x7ffffffee850 woke=0
[WARN] kernel::syscall::poll: [epoll_wait] #0 pid=2 epfd=66 max=1 to=4294967295
[WARN] kernel::syscall::poll: [epoll-block] #0 pid=2 epfd=66 next=1 rip=0x7fffeefa
[WARN] kernel::process: [spawn_thread] alloc stack_va=0x2e3000000 pages=512
[WARN] kernel::process: [spawn_thread] tid=3 tls_va=0x2e4000000 arg=0x2e2000010
[INFO] kernel::process: [Process] Thread tid=3 spawned in pid=1 entry=0x29c23e0 tls=0x2e4000000
[WARN] kernel::syscall::handlers::futex: [thread-create] spawned child=3 entry=0x29c23e0
[WARN] kernel::syscall::poll: [epoll_create] pid=3 → fd=68
[WARN] kernel::syscall::poll: [timerfd_create] pid=3 → fd=69
[WARN] kernel::syscall::poll: [epoll_ctl] pid=3 epfd=68 op=1 fd=69 events=0x1
[WARN] kernel::syscall::poll: [epoll_ctl_raw] raw_bytes=[1, 0, 0, 0, 69, 0, 0, 0, 0, 0, 0, 0, 0, 0, 0, 0]
[WARN] kernel::syscall::posix: [cond-signal] #1 pid=3 cond=0x7ffffffee850 woke=0
[WARN] kernel::syscall::poll: [epoll_wait] #1 pid=3 epfd=68 max=1 to=4294967295
[WARN] kernel::syscall::poll: [epoll-block] #1 pid=3 epfd=68 next=1 rip=0x7fffeefa
[WARN] kernel::process: [spawn_thread] alloc stack_va=0x2f1000000 pages=512
[WARN] kernel::process: [spawn_thread] tid=4 tls_va=0x2f2000000 arg=0x2f0000010
[INFO] kernel::process: [Process] Thread tid=4 spawned in pid=1 entry=0x29c23e0 tls=0x2f2000000
[WARN] kernel::syscall::handlers::futex: [thread-create] spawned child=4 entry=0x29c23e0
[WARN] kernel::syscall::poll: [epoll_create] pid=4 → fd=70
[WARN] kernel::syscall::poll: [timerfd_create] pid=4 → fd=71
[WARN] kernel::syscall::poll: [epoll_ctl] pid=4 epfd=70 op=1 fd=71 events=0x1
[WARN] kernel::syscall::poll: [epoll_ctl_raw] raw_bytes=[1, 0, 0, 0, 71, 0, 0, 0, 0, 0, 0, 0, 0, 0, 0, 0]
[WARN] kernel::syscall::posix: [cond-signal] #2 pid=4 cond=0x7ffffffee850 woke=0
[WARN] kernel::syscall::poll: [epoll_wait] #2 pid=4 epfd=70 max=1 to=4294967295
[WARN] kernel::syscall::poll: [epoll70-enter] #0 pid=4 to=4294967295 rip=0x7fffeefa
[WARN] kernel::syscall::poll: [epoll70-scan] #0 now=1700000003540180000 deadline=0 pending=0 period=0
[WARN] kernel::syscall::poll: [epoll70-empty] #0 pid=4 no-ready
[WARN] kernel::syscall::poll: [epoll70-scan] #1 now=1700000003540365000 deadline=0 pending=0 period=0
[WARN] kernel::syscall::poll: [epoll70-scan] #2 now=1700000003540541333 deadline=0 pending=0 period=0
[WARN] kernel::syscall::poll: [epoll70-scan] #3 now=1700000003540624666 deadline=0 pending=0 period=0
[WARN] kernel::syscall::poll: [epoll70-scan] #4 now=1700000003540705333 deadline=0 pending=0 period=0
[WARN] kernel::syscall::poll: [epoll70-scan] #5 now=1700000003540779000 deadline=0 pending=0 period=0
[WARN] kernel::syscall::poll: [epoll70-scan] #6 now=1700000003540846000 deadline=0 pending=0 period=0
[WARN] kernel::syscall::poll: [epoll70-scan] #7 now=1700000003540915000 deadline=0 pending=0 period=0
[WARN] kernel::syscall::poll: [epoll70-scan] #8 now=1700000003540981333 deadline=0 pending=0 period=0
[WARN] kernel::syscall::poll: [epoll70-scan] #9 now=1700000003541059333 deadline=0 pending=0 period=0
[WARN] kernel::syscall::poll: [epoll70-scan] #10 now=1700000003541144333 deadline=0 pending=0 period=0
[WARN] kernel::syscall::poll: [epoll70-scan] #11 now=1700000003541214666 deadline=0 pending=0 period=0
[WARN] kernel::syscall::poll: [epoll70-scan] #12 now=1700000003541285333 deadline=0 pending=0 period=0
[WARN] kernel::syscall::poll: [epoll70-scan] #13 now=1700000003541362333 deadline=0 pending=0 period=0
[WARN] kernel::syscall::poll: [epoll70-scan] #14 now=1700000003541444333 deadline=0 pending=0 period=0
[WARN] kernel::syscall::poll: [epoll70-scan] #15 now=1700000003541517000 deadline=0 pending=0 period=0
[WARN] kernel::syscall::poll: [epoll70-scan] #16 now=1700000003541590000 deadline=0 pending=0 period=0
[WARN] kernel::syscall::poll: [epoll70-scan] #17 now=1700000003541661666 deadline=0 pending=0 period=0
[WARN] kernel::syscall::poll: [epoll70-scan] #18 now=1700000003541769000 deadline=0 pending=0 period=0
[WARN] kernel::syscall::poll: [epoll70-scan] #19 now=1700000003541859666 deadline=0 pending=0 period=0
[WARN] kernel::syscall::poll: [epoll70-scan] #20 now=1700000003541943666 deadline=0 pending=0 period=0
[WARN] kernel::syscall::poll: [epoll70-scan] #21 now=1700000003542046333 deadline=0 pending=0 period=0
[WARN] kernel::syscall::poll: [epoll70-scan] #22 now=1700000003542145666 deadline=0 pending=0 period=0
[WARN] kernel::syscall::poll: [epoll70-scan] #23 now=1700000003542236000 deadline=0 pending=0 period=0
[WARN] kernel::syscall::poll: [epoll70-scan] #24 now=1700000003542390000 deadline=0 pending=0 period=0
[WARN] kernel::syscall::poll: [epoll70-scan] #25 now=1700000003542496000 deadline=0 pending=0 period=0
[WARN] kernel::syscall::poll: [epoll-block] #2 pid=4 epfd=70 next=1 rip=0x7fffeefa
[INFO] kernel::wm: [push-vsync] #6 frame=7 baton=0x0
[WARN] kernel::syscall::dispatch: [stat-trace] nr=0x101 path='/system/flutter/flutter_assets'
[DEBUG] kernel::syscall::handlers::fd: [sys_open] '/system/flutter/flutter_assets' → fd=3 (dir)
[WARN] kernel::syscall::dispatch: [stat-trace] nr=0x101 path='kernel_blob.bin'
[DEBUG] kernel::syscall::dispatch: [openat] dirfd=3 rel='kernel_blob.bin' → '/system/flutter/flutter_assets/kernel_blob.bin'
[DEBUG] kernel::syscall::handlers::fd: [sys_open] '/system/flutter/flutter_assets/kernel_blob.bin' → fd=4 (41606528 bytes)
[DEBUG] kernel::syscall::dispatch: [mmap] file-backed fd=4 off=0x0 len=0x27add80 → va=0x304000000 (41606528 copied)
[INFO] kernel::wm: [push-vsync] #7 frame=8 baton=0x0
[embedder] FlutterEngineInitialize OK
[embedder] calling FlutterEngineRunInitialized...
[WARN] kernel::syscall::dispatch: [stat-trace] nr=0x101 path='/system/flutter/icudtl.dat'
[DEBUG] kernel::syscall::handlers::fd: [sys_open] '/system/flutter/icudtl.dat' → fd=4 (862304 bytes)
[DEBUG] kernel::syscall::dispatch: [mmap] file-backed fd=4 off=0x0 len=0xd2860 → va=0x31a000000 (862304 copied)
[WARN] kernel::syscall::posix: [cond-broadcast] #30 pid=1 cond=0x36f8050 woke=0
[WARN] kernel::syscall::posix: [cond-broadcast] #31 pid=1 cond=0x36f8050 woke=0
[WARN] kernel::syscall::posix: [cond-broadcast] #32 pid=1 cond=0x36f8050 woke=0
[WARN] kernel::syscall::dispatch: [stat-trace] nr=0x101 path='/system/flutter/flutter_assets/vm_snapshot_data'
[DEBUG] kernel::syscall::handlers::fd: [sys_open] '/system/flutter/flutter_assets/vm_snapshot_data' → fd=4 (15011 bytes)
[DEBUG] kernel::syscall::dispatch: [mmap] file-backed fd=4 off=0x0 len=0x3aa3 → va=0x31e000000 (15011 copied)
[WARN] kernel::syscall::dispatch: [stat-trace] nr=0x101 path='/system/flutter/flutter_assets/isolate_snapshot_data'
[DEBUG] kernel::syscall::handlers::fd: [sys_open] '/system/flutter/flutter_assets/isolate_snapshot_data' → fd=4 (11028680 bytes)
[DEBUG] kernel::syscall::dispatch: [mmap] file-backed fd=4 off=0x0 len=0xa848c8 → va=0x327000000 (11028680 copied)
[INFO] kernel::wm: [push-vsync] #8 frame=9 baton=0x0
[WARN] kernel::syscall::posix: [startup-mutex] acquire #0 pid=1 mutex=0x371ef70 rip=0x7fffe2fa
[WARN] kernel::process: [spawn_thread] alloc stack_va=0x33d000000 pages=16
[WARN] kernel::process: [spawn_thread] tid=5 tls_va=0x33e000000 arg=0x33c000010
[INFO] kernel::process: [Process] Thread tid=5 spawned in pid=1 entry=0x29b9080 tls=0x33e000000
[WARN] kernel::syscall::handlers::futex: [thread-create] spawned child=5 entry=0x29b9080
[WARN] kernel::syscall::poll: [epoll_wait] #3 pid=2 epfd=66 max=1 to=4294967295
[WARN] kernel::syscall::poll: [epoll-ready-tfd] #0 epfd=66 tfd=67 pending=3 deadline=0 period=0
[WARN] kernel::syscall::poll: [epoll_fire] #0 pid=2 epfd=66 ready=1
[WARN] kernel::syscall::poll: [yield-gate] #0 cur=2 focus=1 init_ready=false pend=1 coop_ready=true
[WARN] kernel::syscall::handlers::fd: [tfd-read] pid=2 tfd=67 count=3
[WARN] kernel::syscall::poll: [epoll_wait] #4 pid=2 epfd=66 max=1 to=4294967295
[WARN] kernel::syscall::poll: [epoll-block] #3 pid=2 epfd=66 next=3 rip=0x7fffeefa
[WARN] kernel::syscall::poll: [epoll_wait] #5 pid=3 epfd=68 max=1 to=4294967295
[WARN] kernel::syscall::poll: [epoll-ready-tfd] #1 epfd=68 tfd=69 pending=3 deadline=0 period=0
[WARN] kernel::syscall::poll: [epoll_fire] #1 pid=3 epfd=68 ready=1
[WARN] kernel::syscall::poll: [yield-gate] #1 cur=3 focus=1 init_ready=false pend=1 coop_ready=true
[WARN] kernel::syscall::handlers::fd: [tfd-read] pid=3 tfd=69 count=3
[WARN] kernel::syscall::poll: [epoll_wait] #6 pid=3 epfd=68 max=1 to=4294967295
[WARN] kernel::syscall::poll: [epoll-block] #4 pid=3 epfd=68 next=4 rip=0x7fffeefa
[WARN] kernel::syscall::poll: [epoll_wait] #7 pid=4 epfd=70 max=1 to=4294967295
[WARN] kernel::syscall::poll: [epoll70-enter] #1 pid=4 to=4294967295 rip=0x7fffeefa
[WARN] kernel::syscall::poll: [epoll70-scan] #26 now=1700000003572572666 deadline=0 pending=3 period=0
[WARN] kernel::syscall::poll: [epoll-ready-tfd] #2 epfd=70 tfd=71 pending=3 deadline=0 period=0
[WARN] kernel::syscall::poll: [epoll_fire] #2 pid=4 epfd=70 ready=1
[WARN] kernel::syscall::poll: [yield-gate] #2 cur=4 focus=1 init_ready=false pend=1 coop_ready=true
[WARN] kernel::syscall::handlers::fd: [tfd-read] pid=4 tfd=71 count=3
[WARN] kernel::syscall::poll: [epoll70-enter] #2 pid=4 to=4294967295 rip=0x7fffeefa
[WARN] kernel::syscall::poll: [epoll70-scan] #27 now=1700000003572905000 deadline=0 pending=0 period=0
[WARN] kernel::syscall::poll: [epoll70-empty] #1 pid=4 no-ready
[WARN] kernel::syscall::poll: [epoll70-scan] #28 now=1700000003573006666 deadline=0 pending=0 period=0
[WARN] kernel::syscall::poll: [epoll70-scan] #29 now=1700000003573068666 deadline=0 pending=0 period=0
[WARN] kernel::syscall::poll: [epoll70-scan] #30 now=1700000003573131000 deadline=0 pending=0 period=0
[WARN] kernel::syscall::poll: [epoll70-scan] #31 now=1700000003573193000 deadline=0 pending=0 period=0
[WARN] kernel::syscall::poll: [epoll70-scan] #32 now=1700000003573255000 deadline=0 pending=0 period=0
[WARN] kernel::syscall::poll: [epoll70-scan] #33 now=1700000003573316666 deadline=0 pending=0 period=0
[WARN] kernel::syscall::poll: [epoll70-scan] #34 now=1700000003573378666 deadline=0 pending=0 period=0
[WARN] kernel::syscall::poll: [epoll70-scan] #35 now=1700000003573440666 deadline=0 pending=0 period=0
[WARN] kernel::syscall::poll: [epoll70-scan] #36 now=1700000003573502333 deadline=0 pending=0 period=0
[WARN] kernel::syscall::poll: [epoll70-scan] #37 now=1700000003573564333 deadline=0 pending=0 period=0
[WARN] kernel::syscall::poll: [epoll70-scan] #38 now=1700000003573626333 deadline=0 pending=0 period=0
[WARN] kernel::syscall::poll: [epoll70-scan] #39 now=1700000003573689000 deadline=0 pending=0 period=0
[WARN] kernel::syscall::poll: [epoll70-scan] #40 now=1700000003573751000 deadline=0 pending=0 period=0
[WARN] kernel::syscall::poll: [epoll70-scan] #41 now=1700000003573813333 deadline=0 pending=0 period=0
[WARN] kernel::syscall::poll: [epoll70-scan] #42 now=1700000003573875333 deadline=0 pending=0 period=0
[WARN] kernel::syscall::poll: [epoll70-scan] #43 now=1700000003573940666 deadline=0 pending=0 period=0
[WARN] kernel::syscall::poll: [epoll70-scan] #44 now=1700000003574003000 deadline=0 pending=0 period=0
[WARN] kernel::syscall::poll: [epoll70-scan] #45 now=1700000003574065666 deadline=0 pending=0 period=0
[WARN] kernel::syscall::poll: [epoll70-scan] #46 now=1700000003574127333 deadline=0 pending=0 period=0
[WARN] kernel::syscall::poll: [epoll70-scan] #47 now=1700000003574189333 deadline=0 pending=0 period=0
[WARN] kernel::syscall::poll: [epoll70-scan] #48 now=1700000003574253000 deadline=0 pending=0 period=0
[WARN] kernel::syscall::poll: [epoll70-scan] #49 now=1700000003574315000 deadline=0 pending=0 period=0
[WARN] kernel::syscall::poll: [epoll70-scan] #50 now=1700000003574377666 deadline=0 pending=0 period=0
[WARN] kernel::syscall::poll: [epoll70-scan] #51 now=1700000003574466666 deadline=0 pending=0 period=0
[WARN] kernel::syscall::poll: [epoll70-scan] #52 now=1700000003574538000 deadline=0 pending=0 period=0
[WARN] kernel::syscall::poll: [epoll70-scan] #53 now=1700000003574605000 deadline=0 pending=0 period=0
[WARN] kernel::syscall::poll: [epoll70-scan] #54 now=1700000003574671000 deadline=0 pending=0 period=0
[WARN] kernel::syscall::poll: [epoll70-scan] #55 now=1700000003574737000 deadline=0 pending=0 period=0
[WARN] kernel::syscall::poll: [epoll70-scan] #56 now=1700000003574803000 deadline=0 pending=0 period=0
[WARN] kernel::syscall::poll: [epoll70-scan] #57 now=1700000003574870000 deadline=0 pending=0 period=0
[WARN] kernel::syscall::poll: [epoll70-scan] #58 now=1700000003574936000 deadline=0 pending=0 period=0
[WARN] kernel::syscall::poll: [epoll70-scan] #59 now=1700000003575001666 deadline=0 pending=0 period=0
[WARN] kernel::syscall::poll: [epoll70-scan] #60 now=1700000003575067333 deadline=0 pending=0 period=0
[WARN] kernel::syscall::poll: [epoll-block] #5 pid=4 epfd=70 next=1 rip=0x7fffeefa
[INFO] kernel::wm: [push-vsync] #9 frame=10 baton=0x0
[WARN] kernel::process: [spawn_thread] alloc stack_va=0x343000000 pages=16
[WARN] kernel::process: [spawn_thread] tid=6 tls_va=0x344000000 arg=0x342000010
[INFO] kernel::process: [Process] Thread tid=6 spawned in pid=1 entry=0x29b9080 tls=0x344000000
[WARN] kernel::syscall::handlers::futex: [thread-create] spawned child=6 entry=0x29b9080
[DEBUG] kernel::syscall::handlers::fd: [pipe2] read_fd=4 write_fd=5 pipe_id=0 flags=0x80000
[WARN] kernel::syscall::poll: [epoll_create] pid=1 → fd=72
[WARN] kernel::syscall::poll: [epoll_ctl] pid=1 epfd=72 op=1 fd=4 events=0x1
[WARN] kernel::syscall::poll: [epoll_ctl_raw] raw_bytes=[1, 0, 0, 0, 0, 0, 0, 0, 0, 0, 0, 0, 16, 0, 0, 94]
[WARN] kernel::syscall::poll: [timerfd_create] pid=1 → fd=73
[WARN] kernel::syscall::poll: [epoll_ctl] pid=1 epfd=72 op=1 fd=73 events=0x1
[WARN] kernel::syscall::poll: [epoll_ctl_raw] raw_bytes=[1, 0, 0, 0, 73, 0, 0, 0, 0, 0, 0, 0, 16, 0, 0, 94]
[WARN] kernel::process: [spawn_thread] alloc stack_va=0x363000000 pages=256
[WARN] kernel::process: [spawn_thread] tid=7 tls_va=0x364000000 arg=0x362000010
[INFO] kernel::process: [Process] Thread tid=7 spawned in pid=1 entry=0x323bb20 tls=0x364000000
[WARN] kernel::syscall::handlers::futex: [thread-create] spawned child=7 entry=0x323bb20
[WARN] kernel::syscall::poll: [epoll72-enter] #0 pid=7 epfd=72 max=16 to=4294967295 watched=[(4, 1, 0), (73, 1, 73)]
[WARN] kernel::syscall::poll: [epoll72-bootstrap] injected pending tick on tfd=73
[WARN] kernel::syscall::poll: [epoll-ready-tfd] #3 epfd=72 tfd=73 pending=1 deadline=0 period=0
[WARN] kernel::syscall::poll: [epoll72-ready-fast] #0 pid=7 epfd=72 ready=1 ev=0x1 data=0x49
[WARN] kernel::syscall::poll: [epoll_fire] #3 pid=7 epfd=72 ready=1
[WARN] kernel::syscall::poll: [yield-gate] #3 cur=7 focus=1 init_ready=false pend=1 coop_ready=true
[WARN] kernel::syscall::handlers::fd: [tfd-read] pid=7 tfd=73 count=1
[WARN] kernel::syscall::poll: [tfd-settime] #0 pid=7 fd=73 flags=1 deadline=0ns now=1700000003578067000ns delta=0ns period=0ns
[WARN] kernel::syscall::poll: [epoll72-enter] #1 pid=7 epfd=72 max=16 to=4294967295 watched=[(4, 1, 0), (73, 1, 73)]
[WARN] kernel::syscall::poll: [epoll-block] #6 pid=7 epfd=72 next=1 rip=0x7fffeefa
[DEBUG] kernel::syscall::dispatch: [pthread_getattr_np] tid=1 base=0x7ffffffe0000 size=0x10000
[DEBUG] kernel::syscall::posix: [pthread_attr_getstack] tid=1 base=0x7ffffffe0000 size=0x10000
[INFO] kernel::wm: [push-vsync] #10 frame=11 baton=0x0
[WARN] kernel::syscall::posix: [cond-broadcast] #33 pid=1 cond=0x384000040 woke=0
[WARN] kernel::syscall::posix: [cond-broadcast] #34 pid=1 cond=0x384000040 woke=0
[WARN] kernel::syscall::posix: [cond-broadcast] #35 pid=1 cond=0x3a2000048 woke=0
[WARN] kernel::syscall::posix: [cond-broadcast] #36 pid=1 cond=0x3b9000048 woke=0
[WARN] kernel::syscall::posix: [cond-broadcast] #37 pid=1 cond=0x3b9000048 woke=0
[WARN] kernel::syscall::posix: [cond-broadcast] #38 pid=1 cond=0x3b9000048 woke=0
[WARN] kernel::syscall::posix: [cond-broadcast] #39 pid=1 cond=0x3b9000048 woke=0
[WARN] kernel::syscall::posix: [cond-broadcast] #40 pid=1 cond=0x3b9000048 woke=0
[WARN] kernel::syscall::posix: [cond-broadcast] #41 pid=1 cond=0x3b9000048 woke=0
[WARN] kernel::syscall::posix: [cond-broadcast] #42 pid=1 cond=0x3b9000048 woke=0
[WARN] kernel::syscall::posix: [cond-broadcast] #43 pid=1 cond=0x3b9000048 woke=0
[WARN] kernel::syscall::posix: [cond-broadcast] #44 pid=1 cond=0x3b9000048 woke=0
[WARN] kernel::syscall::posix: [cond-broadcast] #45 pid=1 cond=0x3b9000048 woke=0
[WARN] kernel::syscall::posix: [cond-broadcast] #46 pid=1 cond=0x3b9000048 woke=0
[WARN] kernel::syscall::posix: [cond-broadcast] #47 pid=1 cond=0x3b9000048 woke=0
[WARN] kernel::syscall::posix: [cond-broadcast] #48 pid=1 cond=0x3b9000048 woke=0
[WARN] kernel::syscall::posix: [cond-broadcast] #49 pid=1 cond=0x3b9000048 woke=0
[INFO] kernel::wm: [push-vsync] #11 frame=12 baton=0x0
[WARN] kernel::syscall::posix: [cond-broadcast] #50 pid=1 cond=0x3b9000048 woke=0
[WARN] kernel::syscall::posix: [cond-broadcast] #51 pid=1 cond=0x3b9000048 woke=0
[WARN] kernel::syscall::posix: [cond-broadcast] #52 pid=1 cond=0x3b9000048 woke=0
[WARN] kernel::syscall::posix: [cond-broadcast] #53 pid=1 cond=0x3b9000048 woke=0
[WARN] kernel::syscall::posix: [cond-broadcast] #54 pid=1 cond=0x3b9000048 woke=0
[WARN] kernel::syscall::posix: [cond-broadcast] #55 pid=1 cond=0x3b9000048 woke=0
[WARN] kernel::syscall::posix: [cond-broadcast] #56 pid=1 cond=0x3b9000048 woke=0
[WARN] kernel::syscall::posix: [cond-broadcast] #57 pid=1 cond=0x3b9000048 woke=0
[WARN] kernel::syscall::posix: [cond-broadcast] #58 pid=1 cond=0x3b9000048 woke=0
[WARN] kernel::syscall::posix: [cond-broadcast] #59 pid=1 cond=0x3b9000048 woke=0
[WARN] kernel::syscall::posix: [cond-broadcast] #60 pid=1 cond=0x3b9000048 woke=0
[WARN] kernel::syscall::posix: [cond-broadcast] #61 pid=1 cond=0x3b9000048 woke=0
[WARN] kernel::syscall::posix: [cond-broadcast] #62 pid=1 cond=0x3b9000048 woke=0
[WARN] kernel::syscall::posix: [cond-broadcast] #63 pid=1 cond=0x3b9000048 woke=0
[INFO] kernel::wm: [push-vsync] #12 frame=13 baton=0x0
[WARN] kernel::syscall::posix: [startup-mutex] acquire #1 pid=1 mutex=0x39b000018 rip=0x7fffe2fa
[WARN] kernel::syscall::posix: [startup-mutex] unlock #0 pid=1 mutex=0x39b000018 waiter=None rip=0x7fffe30a
[WARN] kernel::process: [spawn_thread] alloc stack_va=0x455000000 pages=256
[WARN] kernel::process: [spawn_thread] tid=8 tls_va=0x456000000 arg=0x454000010
[INFO] kernel::process: [Process] Thread tid=8 spawned in pid=1 entry=0x338ed10 tls=0x456000000
[WARN] kernel::syscall::handlers::futex: [thread-create] spawned child=8 entry=0x338ed10
[WARN] kernel::process: [enter-user-89] #0 pid=8 rip=0x338ed10 rsp=0x4550ffff8 fs=0x456000000 preempted=false errno=0
[WARN] kernel::syscall::dispatch: [pid89-sys] #0 pid=8 nr=0x3a1 a0=0x454000010 a1=0x18 a2=0x0 a3=0x338ed10 rip=0x7fffe01a
[WARN] kernel::syscall::dispatch: [pid89-sys] #1 pid=8 nr=0x434 a0=0x4550fffc0 a1=0x10 a2=0x115ef6d a3=0x1161ee3 rip=0x7fffea4a
[WARN] kernel::syscall::dispatch: [pid89-sys] #2 pid=8 nr=0x3d1 a0=0x4550fffc0 a1=0x10 a2=0x115ef6d a3=0x7fffea4a rip=0x7fffe2da
[WARN] kernel::syscall::dispatch: [pid89-sys] #3 pid=8 nr=0x3f4 a0=0x456000000 a1=0x4550fffc0 a2=0x115ef6d a3=0x7fffe2da rip=0x7fffe50a
[WARN] kernel::syscall::dispatch: [pid89-sys] #4 pid=8 nr=0x3d3 a0=0x374000010 a1=0x4550fffc0 a2=0x115ef6d a3=0x7fffe50a rip=0x7fffe2fa
[WARN] kernel::syscall::dispatch: [pid89-sys] #5 pid=8 nr=0x3a0 a0=0xb0 a1=0x4550fffc0 a2=0x115ef6d a3=0x7fffe2fa rip=0x7fffe00a
[WARN] kernel::syscall::dispatch: [pid89-sys] #6 pid=8 nr=0x3d1 a0=0x457000010 a1=0x4550fffc0 a2=0x115ef6d a3=0x7fffe00a rip=0x7fffe2da
[WARN] kernel::syscall::dispatch: [pid89-sys] #7 pid=8 nr=0x411 a0=0xba a1=0x4550fffc0 a2=0x115ef6d a3=0x7fffe2da rip=0x7fffe71a
[WARN] kernel::syscall::dispatch: [pid89-sys] #8 pid=8 nr=0xba a0=0x4550fffc0 a1=0x115ef6d a2=0x7fffe2da a3=0x0 rip=0x7fffe71a
[WARN] kernel::syscall::dispatch: [pid89-sys] #9 pid=8 nr=0x3a0 a0=0x10 a1=0x4550fffc0 a2=0x115ef6d a3=0x7fffe71a rip=0x7fffe00a
[WARN] kernel::syscall::dispatch: [pid89-sys] #10 pid=8 nr=0x3d1 a0=0x10 a1=0x4550fffc0 a2=0x115ef6d a3=0x7fffe00a rip=0x7fffe2da
[WARN] kernel::syscall::dispatch: [pid89-sys] #11 pid=8 nr=0x3f5 a0=0x456000000 a1=0x458000010 a2=0x10 a3=0x7fffe2da rip=0x7fffe51a
[WARN] kernel::syscall::dispatch: [pid89-sys] #12 pid=8 nr=0x3ec a0=0x4550ffabc a1=0x458000010 a2=0x10 a3=0x7fffe51a rip=0x7fffe48a
[WARN] kernel::syscall::dispatch: [pid89-sys] #13 pid=8 nr=0x3d2 a0=0x457000038 a1=0x4550ffabc a2=0x10 a3=0x7fffe48a rip=0x7fffe2ea
[WARN] kernel::syscall::dispatch: [pid89-sys] #14 pid=8 nr=0x3ed a0=0x4550ffabc a1=0x4550ffabc a2=0x10 a3=0x7fffe2ea rip=0x7fffe49a
[WARN] kernel::syscall::dispatch: [pid89-sys] #15 pid=8 nr=0x3a0 a0=0x30 a1=0x4550ffabc a2=0x10 a3=0x7fffe49a rip=0x7fffe00a
[WARN] kernel::syscall::dispatch: [pid89-sys] #16 pid=8 nr=0x3d1 a0=0x4570000a0 a1=0x457000098 a2=0x10 a3=0x32fb050 rip=0x7fffe2da
[WARN] kernel::syscall::dispatch: [pid89-sys] #17 pid=8 nr=0x3f6 a0=0x456000000 a1=0x4550ffe88 a2=0x10 a3=0x7fffe2da rip=0x7fffe52a
[DEBUG] kernel::syscall::dispatch: [pthread_getattr_np] tid=8 base=0x455000000 size=0x100000
[WARN] kernel::syscall::dispatch: [pid89-sys] #18 pid=8 nr=0x3eb a0=0x4550ffe88 a1=0x4550ffe80 a2=0x4550ffe78 a3=0x7fffe52a rip=0x7fffe47a
[DEBUG] kernel::syscall::posix: [pthread_attr_getstack] tid=8 base=0x455000000 size=0x100000
[WARN] kernel::syscall::dispatch: [pid89-sys] #19 pid=8 nr=0x3e8 a0=0x4550ffe88 a1=0x4550ffe80 a2=0x4550ffe78 a3=0x7fffe47a rip=0x7fffe44a
[WARN] kernel::syscall::dispatch: [pid89-sys] #20 pid=8 nr=0x3d4 a0=0x374000010 a1=0x4550ffe80 a2=0x80000 a3=0x0 rip=0x7fffe30a
[WARN] kernel::syscall::dispatch: [pid89-sys] #21 pid=8 nr=0x3da a0=0x3 a1=0x457000010 a2=0x80000 a3=0x7fffe30a rip=0x7fffe36a
[WARN] kernel::syscall::dispatch: [pid89-sys] #22 pid=8 nr=0x3fd a0=0x36f1c88 a1=0x457000010 a2=0x80000 a3=0x7fffe36a rip=0x7fffe59a
[WARN] kernel::syscall::dispatch: [pid89-sys] #23 pid=8 nr=0x3d3 a0=0x374000010 a1=0x1161ee3 a2=0x80000 a3=0x7fffe59a rip=0x7fffe2fa
[WARN] kernel::syscall::dispatch: [pid89-sys] #24 pid=8 nr=0x3a1 a0=0x458000010 a1=0x1161ee3 a2=0x80000 a3=0x7fffe2fa rip=0x7fffe01a
[WARN] kernel::syscall::dispatch: [pid89-sys] #25 pid=8 nr=0x3a7 a0=0x1161ee3 a1=0x1161ee3 a2=0x80000 a3=0x7fffe01a rip=0x7fffe07a
[WARN] kernel::syscall::dispatch: [pid89-sys] #26 pid=8 nr=0x27 a0=0x1161ee3 a1=0x1161ee3 a2=0x80000 a3=0x7fffe07a rip=0x7fffe5ea
[WARN] kernel::syscall::dispatch: [pid89-sys] #27 pid=8 nr=0x3b7 a0=0x117538f a1=0x1170c61 a2=0x8 a3=0x45b000010 rip=0x7fffe11a
[WARN] kernel::syscall::dispatch: [pid89-sys] #28 pid=8 nr=0x3b7 a0=0x116d8b1 a1=0x1170c61 a2=0x8 a3=0x7fffe11a rip=0x7fffe11a
[WARN] kernel::syscall::dispatch: [pid89-sys] #29 pid=8 nr=0x3b7 a0=0x1179d4d a1=0x1170c61 a2=0x8 a3=0x7fffe11a rip=0x7fffe11a
[WARN] kernel::syscall::dispatch: [pid89-sys] #30 pid=8 nr=0x3d3 a0=0x37a000058 a1=0x1170c61 a2=0x8 a3=0x7fffe11a rip=0x7fffe2fa
[WARN] kernel::syscall::dispatch: [pid89-sys] #31 pid=8 nr=0x3a0 a0=0x20 a1=0x0 a2=0x10 a3=0x0 rip=0x7fffe00a
[WARN] kernel::syscall::dispatch: [pid89-sys] #32 pid=8 nr=0x3a7 a0=0x45b000010 a1=0x0 a2=0x10 a3=0x7fffe00a rip=0x7fffe07a
[WARN] kernel::syscall::dispatch: [pid89-sys] #33 pid=8 nr=0x3d4 a0=0x37a000058 a1=0x0 a2=0x10 a3=0x7fffe07a rip=0x7fffe30a
[WARN] kernel::syscall::dispatch: [pid89-sys] #34 pid=8 nr=0x3d4 a0=0x374000010 a1=0x0 a2=0x10 a3=0x7fffe30a rip=0x7fffe30a
[WARN] kernel::syscall::dispatch: [pid89-sys] #35 pid=8 nr=0x483 a0=0x4550fff40 a1=0x0 a2=0x10 a3=0x7fffe30a rip=0x7fffef9a
[WARN] kernel::syscall::dispatch: [pid89-sys] #36 pid=8 nr=0x484 a0=0x4550fff40 a1=0x1b a2=0x10 a3=0x7fffef9a rip=0x7fffefaa
[WARN] kernel::syscall::dispatch: [pid89-sys] #37 pid=8 nr=0x3f2 a0=0x1 a1=0x4550fff40 a2=0x0 a3=0x7fffefaa rip=0x7fffe4ea
[WARN] kernel::syscall::dispatch: [pid89-sys] #38 pid=8 nr=0x3db a0=0x3 a1=0x4550fff40 a2=0x0 a3=0x7fffe4ea rip=0x7fffe37a
[WARN] kernel::syscall::dispatch: [pid89-sys] #39 pid=8 nr=0x3d1 a0=0x457000010 a1=0x4550fff40 a2=0x0 a3=0x7fffe37a rip=0x7fffe2da
[WARN] kernel::syscall::dispatch: [pid89-sys] #40 pid=8 nr=0x3d3 a0=0x39b000018 a1=0x453000010 a2=0x0 a3=0x7fffe2da rip=0x7fffe2fa
[WARN] kernel::syscall::posix: [startup-mutex] acquire #2 pid=8 mutex=0x39b000018 rip=0x7fffe2fa
[WARN] kernel::syscall::dispatch: [pid89-sys] #41 pid=8 nr=0x3d4 a0=0x39b000018 a1=0x453000010 a2=0x0 a3=0x39b000098 rip=0x7fffe30a
[WARN] kernel::syscall::posix: [startup-mutex] unlock #1 pid=8 mutex=0x39b000018 waiter=None rip=0x7fffe30a
[WARN] kernel::syscall::dispatch: [pid89-sys] #42 pid=8 nr=0x3b7 a0=0x1179bde a1=0x1179bde a2=0x0 a3=0x0 rip=0x7fffe11a
[WARN] kernel::syscall::dispatch: [pid89-sys] #43 pid=8 nr=0x3d3 a0=0x371ef70 a1=0x1179bde a2=0x4550ffe38 a3=0x4550ffe30 rip=0x7fffe2fa
[WARN] kernel::syscall::posix: [startup-mutex] contend #0 pid=8 mutex=0x371ef70 val=1 rip=0x7fffe2fa
[WARN] kernel::syscall::posix: [startup-mutex] before-waiter-add pid=8 mutex=0x371ef70
[WARN] kernel::syscall::posix: [startup-mutex] after-waiter-add pid=8 mutex=0x371ef70
[WARN] kernel::syscall::posix: [startup-mutex] before-force-wake pid=8 mutex=0x371ef70
[WARN] kernel::syscall::posix: [startup-mutex] after-force-wake pid=8 mutex=0x371ef70
[WARN] kernel::syscall::posix: [startup-mutex] pid1-handoff #0 pid=8 mutex=0x371ef70
[WARN] kernel::syscall::handlers::futex: [futex-target-wake] #0 caller=1 addr=0x338000070 waking_pid=5
[WARN] kernel::syscall::handlers::futex: [futex-target-wake] #0 caller=1 addr=0x338000070 waking_pid=6
[WARN] kernel::syscall::poll: [epoll-ready-tfd] #4 epfd=66 tfd=67 pending=42 deadline=0 period=0
[WARN] kernel::syscall::poll: [epoll_fire] #4 pid=2 epfd=66 ready=1
[WARN] kernel::syscall::poll: [yield-gate] #4 cur=2 focus=1 init_ready=false pend=1 coop_ready=true
[WARN] kernel::syscall::handlers::fd: [tfd-read] pid=2 tfd=67 count=42
[WARN] kernel::syscall::poll: [epoll-block] #7 pid=2 epfd=66 next=3 rip=0x7fffeefa
[INFO] kernel::wm: [push-vsync] #13 frame=14 baton=0x0
[WARN] kernel::syscall::poll: [epoll-ready-tfd] #5 epfd=68 tfd=69 pending=42 deadline=0 period=0
[WARN] kernel::syscall::poll: [epoll_fire] #5 pid=3 epfd=68 ready=1
[WARN] kernel::syscall::poll: [yield-gate] #5 cur=3 focus=1 init_ready=false pend=1 coop_ready=true
[WARN] kernel::syscall::handlers::fd: [tfd-read] pid=3 tfd=69 count=42
[WARN] kernel::syscall::poll: [epoll-block] #8 pid=3 epfd=68 next=4 rip=0x7fffeefa
[WARN] kernel::syscall::poll: [epoll70-enter] #3 pid=4 to=4294967295 rip=0x7fffeefa
[WARN] kernel::syscall::poll: [epoll70-scan] #61 now=1700000003623053333 deadline=0 pending=42 period=0
[WARN] kernel::syscall::poll: [epoll-ready-tfd] #6 epfd=70 tfd=71 pending=42 deadline=0 period=0
[WARN] kernel::syscall::poll: [epoll_fire] #6 pid=4 epfd=70 ready=1
[WARN] kernel::syscall::poll: [yield-gate] #6 cur=4 focus=1 init_ready=false pend=1 coop_ready=true
[WARN] kernel::syscall::handlers::fd: [tfd-read] pid=4 tfd=71 count=42
[WARN] kernel::syscall::poll: [epoll70-enter] #4 pid=4 to=4294967295 rip=0x7fffeefa
[WARN] kernel::syscall::poll: [epoll70-scan] #62 now=1700000003623380000 deadline=0 pending=0 period=0
[WARN] kernel::syscall::poll: [epoll70-empty] #2 pid=4 no-ready
[WARN] kernel::syscall::poll: [epoll70-scan] #63 now=1700000003623484000 deadline=0 pending=0 period=0
[WARN] kernel::syscall::poll: [epoll70-scan] #64 now=1700000003623548000 deadline=0 pending=0 period=0
[WARN] kernel::syscall::poll: [epoll70-scan] #65 now=1700000003623611333 deadline=0 pending=0 period=0
[WARN] kernel::syscall::poll: [epoll70-scan] #66 now=1700000003623674000 deadline=0 pending=0 period=0
[WARN] kernel::syscall::poll: [epoll70-scan] #67 now=1700000003623736333 deadline=0 pending=0 period=0
[WARN] kernel::syscall::poll: [epoll70-scan] #68 now=1700000003623800000 deadline=0 pending=0 period=0
[WARN] kernel::syscall::poll: [epoll70-scan] #69 now=1700000003623866000 deadline=0 pending=0 period=0
[WARN] kernel::syscall::poll: [epoll70-scan] #70 now=1700000003623929666 deadline=0 pending=0 period=0
[WARN] kernel::syscall::poll: [epoll70-scan] #71 now=1700000003623993000 deadline=0 pending=0 period=0
[WARN] kernel::syscall::poll: [epoll70-scan] #72 now=1700000003624055666 deadline=0 pending=0 period=0
[WARN] kernel::syscall::poll: [epoll70-scan] #73 now=1700000003624119333 deadline=0 pending=0 period=0
[WARN] kernel::syscall::poll: [epoll70-scan] #74 now=1700000003624182333 deadline=0 pending=0 period=0
[WARN] kernel::syscall::poll: [epoll70-scan] #75 now=1700000003624245333 deadline=0 pending=0 period=0
[WARN] kernel::syscall::poll: [epoll70-scan] #76 now=1700000003624308333 deadline=0 pending=0 period=0
[WARN] kernel::syscall::poll: [epoll70-scan] #77 now=1700000003624372333 deadline=0 pending=0 period=0
[WARN] kernel::syscall::poll: [epoll70-scan] #78 now=1700000003624435333 deadline=0 pending=0 period=0
[WARN] kernel::syscall::poll: [epoll70-scan] #79 now=1700000003624499333 deadline=0 pending=0 period=0
[WARN] kernel::syscall::poll: [epoll70-scan] #80 now=1700000003624564333 deadline=0 pending=0 period=0
[WARN] kernel::syscall::poll: [epoll70-scan] #81 now=1700000003624627000 deadline=0 pending=0 period=0
[WARN] kernel::syscall::poll: [epoll70-scan] #82 now=1700000003624696000 deadline=0 pending=0 period=0
[WARN] kernel::syscall::poll: [epoll70-scan] #83 now=1700000003624759333 deadline=0 pending=0 period=0
[WARN] kernel::syscall::poll: [epoll70-scan] #84 now=1700000003624822666 deadline=0 pending=0 period=0
[WARN] kernel::syscall::poll: [epoll70-scan] #85 now=1700000003624889000 deadline=0 pending=0 period=0
[WARN] kernel::syscall::poll: [epoll70-scan] #86 now=1700000003624990000 deadline=0 pending=0 period=0
[WARN] kernel::syscall::poll: [epoll70-scan] #87 now=1700000003625105666 deadline=0 pending=0 period=0
[WARN] kernel::syscall::poll: [epoll70-scan] #88 now=1700000003625178666 deadline=0 pending=0 period=0
[WARN] kernel::syscall::poll: [epoll70-scan] #89 now=1700000003625246666 deadline=0 pending=0 period=0
[WARN] kernel::syscall::poll: [epoll70-scan] #90 now=1700000003625325000 deadline=0 pending=0 period=0
[WARN] kernel::syscall::poll: [epoll70-scan] #91 now=1700000003625392000 deadline=0 pending=0 period=0
[WARN] kernel::syscall::poll: [epoll70-scan] #92 now=1700000003625463666 deadline=0 pending=0 period=0
[WARN] kernel::syscall::poll: [epoll70-scan] #93 now=1700000003625543000 deadline=0 pending=0 period=0
[WARN] kernel::syscall::poll: [epoll-block] #9 pid=4 epfd=70 next=7 rip=0x7fffeefa
[WARN] kernel::syscall::poll: [epoll72-enter] #2 pid=7 epfd=72 max=16 to=4294967295 watched=[(4, 1, 0), (73, 1, 73)]
[WARN] kernel::syscall::poll: [epoll-ready-tfd] #7 epfd=72 tfd=73 pending=42 deadline=0 period=0
[WARN] kernel::syscall::poll: [epoll72-ready-fast] #1 pid=7 epfd=72 ready=1 ev=0x1 data=0x49
[WARN] kernel::syscall::poll: [epoll_fire] #7 pid=7 epfd=72 ready=1
[WARN] kernel::syscall::poll: [yield-gate] #7 cur=7 focus=1 init_ready=false pend=1 coop_ready=true
[WARN] kernel::syscall::handlers::fd: [tfd-read] pid=7 tfd=73 count=42
[WARN] kernel::syscall::poll: [tfd-settime] #1 pid=7 fd=73 flags=1 deadline=0ns now=1700000003626094333ns delta=0ns period=0ns
[WARN] kernel::syscall::poll: [epoll72-enter] #3 pid=7 epfd=72 max=16 to=4294967295 watched=[(4, 1, 0), (73, 1, 73)]
[WARN] kernel::syscall::poll: [epoll-block] #10 pid=7 epfd=72 next=1 rip=0x7fffeefa
[WARN] kernel::syscall::posix: [startup-mutex] unlock #2 pid=1 mutex=0x371ef70 waiter=Some(8) rip=0x7fffe30a
[WARN] kernel::process: [enter-user-89] #1 pid=8 rip=0x7fffe2f8 rsp=0x4550ff868 fs=0x456000000 preempted=false errno=0
[WARN] kernel::syscall::dispatch: [pid89-sys] #44 pid=8 nr=0x3d3 a0=0x371ef70 a1=0x1179bde a2=0x4550ffe38 a3=0x4550ffe30 rip=0x7fffe2fa
[WARN] kernel::syscall::posix: [startup-mutex] acquire #3 pid=8 mutex=0x371ef70 rip=0x7fffe2fa
[WARN] kernel::syscall::dispatch: [pid89-sys] #45 pid=8 nr=0x3d4 a0=0x371ef70 a1=0x1179bde a2=0x4550ffe38 a3=0x1 rip=0x7fffe30a
[WARN] kernel::syscall::posix: [startup-mutex] unlock #3 pid=8 mutex=0x371ef70 waiter=None rip=0x7fffe30a
[WARN] kernel::syscall::dispatch: [pid89-sys] #46 pid=8 nr=0x405 a0=0x1 a1=0x4550ffa78 a2=0x4550ffe38 a3=0x7fffe30a rip=0x7fffe63a
[WARN] kernel::syscall::dispatch: [pid89-sys] #47 pid=8 nr=0x435 a0=0x0 a1=0x0 a2=0x11ad1c7 a3=0x4550ffd00 rip=0x7fffea5a
[WARN] kernel::syscall::posix: [vsnprintf-debug] #0 pid=8 ap=0x4550ffd00 gp_off=16 reg_save=0x4550ffd60 ovf=0x4550ffe20
[WARN] kernel::syscall::posix: [vsnprintf-debug] arg=0x0
[ERROR] kernel::syscall::posix: [snprintf-error] pid=8 #0: msg="Invoking the 'create_group' failed with: ''" fmt="Invoking the 'create_group' failed with: '%s'"
[WARN] kernel::syscall::dispatch: [pid89-sys] #48 pid=8 nr=0x3a0 a0=0x2c a1=0x0 a2=0x11ad1c7 a3=0x7fffea5a rip=0x7fffe00a
[WARN] kernel::syscall::dispatch: [pid89-sys] #49 pid=8 nr=0x435 a0=0x464000010 a1=0x2c a2=0x11ad1c7 a3=0x4550ffce0 rip=0x7fffea5a
[WARN] kernel::syscall::posix: [vsnprintf-debug] #1 pid=8 ap=0x4550ffce0 gp_off=16 reg_save=0x4550ffd60 ovf=0x4550ffe20
[WARN] kernel::syscall::posix: [vsnprintf-debug] arg=0x0
[ERROR] kernel::syscall::posix: [snprintf-error] pid=8 #1: msg="Invoking the 'create_group' failed with: ''" fmt="Invoking the 'create_group' failed with: '%s'"
[WARN] kernel::syscall::dispatch: [pid89-sys] #50 pid=8 nr=0x3a1 a0=0x0 a1=0x2c a2=0x11ad1c7 a3=0x7fffea5a rip=0x7fffe01a
[WARN] kernel::syscall::dispatch: [pid89-sys] #51 pid=8 nr=0x3d3 a0=0x237000010 a1=0x2c a2=0x11ad1c7 a3=0x7fffe01a rip=0x7fffe2fa
[WARN] kernel::syscall::dispatch: [pid89-sys] #52 pid=8 nr=0x3df a0=0x237000040 a1=0x2c a2=0x11ad1c7 a3=0x7fffe2fa rip=0x7fffe3ba
[WARN] kernel::syscall::dispatch: [pid89-sys] #53 pid=8 nr=0x3d4 a0=0x237000010 a1=0x2c a2=0x11ad1c7 a3=0x7fffe3ba rip=0x7fffe30a
[INFO] kernel::wm: [push-vsync] #14 frame=15 baton=0x0
[WARN] kernel::syscall::dispatch: [pid89-sys] #54 pid=8 nr=0x3a1 a0=0x452000010 a1=0x18 a2=0x11ad1c7 a3=0x7fffe30a rip=0x7fffe01a
[WARN] kernel::syscall::dispatch: [pid89-sys] #55 pid=8 nr=0x3d3 a0=0x39b000018 a1=0x18 a2=0x11ad1c7 a3=0x7fffe01a rip=0x7fffe2fa
[WARN] kernel::syscall::posix: [startup-mutex] acquire #4 pid=8 mutex=0x39b000018 rip=0x7fffe2fa
[WARN] kernel::syscall::dispatch: [pid89-sys] #56 pid=8 nr=0x405 a0=0x1 a1=0x4550ffe98 a2=0x453000010 a3=0x39b000068 rip=0x7fffe63a
[WARN] kernel::syscall::dispatch: [pid89-sys] #57 pid=8 nr=0x405 a0=0x1 a1=0x4550ffe98 a2=0x60a241855a6f2 a3=0x20c49ba5e353f7cf rip=0x7fffe63a
[WARN] kernel::syscall::dispatch: [pid89-sys] #58 pid=8 nr=0x405 a0=0x1 a1=0x4550ffa80 a2=0x4c4ae5 a3=0x20c49ba5e353f7cf rip=0x7fffe63a
[WARN] kernel::syscall::dispatch: [pid89-sys] #59 pid=8 nr=0x3e1 a0=0x453000040 a1=0x39b000018 a2=0x4550ffa80 a3=0x431bde82d7b634db rip=0x7fffe3da
[WARN] kernel::syscall::posix: [timedwait] #0 pid=8 cond=0x453000040 mutex=0x39b000018 timeout_ns=1700000008630925666 now=1700000003631135333
[WARN] kernel::syscall::posix: [startup-mutex] unlock #4 pid=8 mutex=0x39b000018 waiter=None rip=0x7fffe3da
[WARN] kernel::syscall::poll: [epoll-ready-tfd] #8 epfd=66 tfd=67 pending=1 deadline=0 period=0
[WARN] kernel::syscall::poll: [epoll_fire] #8 pid=2 epfd=66 ready=1
[WARN] kernel::syscall::poll: [yield-gate] #8 cur=2 focus=1 init_ready=false pend=1 coop_ready=true
[WARN] kernel::syscall::handlers::fd: [tfd-read] pid=2 tfd=67 count=1
[WARN] kernel::syscall::poll: [epoll-block] #11 pid=2 epfd=66 next=3 rip=0x7fffeefa
[WARN] kernel::syscall::poll: [epoll-ready-tfd] #9 epfd=68 tfd=69 pending=1 deadline=0 period=0
[WARN] kernel::syscall::poll: [epoll_fire] #9 pid=3 epfd=68 ready=1
[WARN] kernel::syscall::poll: [yield-gate] #9 cur=3 focus=1 init_ready=false pend=1 coop_ready=true
[WARN] kernel::syscall::handlers::fd: [tfd-read] pid=3 tfd=69 count=1
[WARN] kernel::syscall::poll: [epoll-block] #12 pid=3 epfd=68 next=4 rip=0x7fffeefa
[WARN] kernel::syscall::poll: [epoll70-enter] #5 pid=4 to=4294967295 rip=0x7fffeefa
[WARN] kernel::syscall::poll: [epoll70-scan] #94 now=1700000003636026333 deadline=0 pending=1 period=0
[WARN] kernel::syscall::poll: [epoll-ready-tfd] #10 epfd=70 tfd=71 pending=1 deadline=0 period=0
[WARN] kernel::syscall::poll: [epoll_fire] #10 pid=4 epfd=70 ready=1
[WARN] kernel::syscall::poll: [yield-gate] #10 cur=4 focus=1 init_ready=false pend=1 coop_ready=true
[WARN] kernel::syscall::handlers::fd: [tfd-read] pid=4 tfd=71 count=1
[WARN] kernel::syscall::poll: [epoll70-enter] #6 pid=4 to=4294967295 rip=0x7fffeefa
[WARN] kernel::syscall::poll: [epoll70-scan] #95 now=1700000003636355333 deadline=0 pending=0 period=0
[WARN] kernel::syscall::poll: [epoll70-empty] #3 pid=4 no-ready
[WARN] kernel::syscall::poll: [epoll70-scan] #96 now=1700000003636460333 deadline=0 pending=0 period=0
[WARN] kernel::syscall::poll: [epoll70-scan] #97 now=1700000003636523666 deadline=0 pending=0 period=0
[WARN] kernel::syscall::poll: [epoll70-scan] #98 now=1700000003636587333 deadline=0 pending=0 period=0
[WARN] kernel::syscall::poll: [epoll70-scan] #99 now=1700000003636650666 deadline=0 pending=0 period=0
[WARN] kernel::syscall::poll: [epoll70-scan] #100 now=1700000003636714000 deadline=0 pending=0 period=0
[WARN] kernel::syscall::poll: [epoll70-scan] #101 now=1700000003636778333 deadline=0 pending=0 period=0
[WARN] kernel::syscall::poll: [epoll70-scan] #102 now=1700000003636841666 deadline=0 pending=0 period=0
[WARN] kernel::syscall::poll: [epoll70-scan] #103 now=1700000003636904333 deadline=0 pending=0 period=0
[WARN] kernel::syscall::poll: [epoll70-scan] #104 now=1700000003636966666 deadline=0 pending=0 period=0
[WARN] kernel::syscall::poll: [epoll70-scan] #105 now=1700000003637029333 deadline=0 pending=0 period=0
[WARN] kernel::syscall::poll: [epoll70-scan] #106 now=1700000003637092000 deadline=0 pending=0 period=0
[WARN] kernel::syscall::poll: [epoll70-scan] #107 now=1700000003637154666 deadline=0 pending=0 period=0
[WARN] kernel::syscall::poll: [epoll70-scan] #108 now=1700000003637217000 deadline=0 pending=0 period=0
[WARN] kernel::syscall::poll: [epoll70-scan] #109 now=1700000003637280333 deadline=0 pending=0 period=0
[WARN] kernel::syscall::poll: [epoll70-scan] #110 now=1700000003637343000 deadline=0 pending=0 period=0
[WARN] kernel::syscall::poll: [epoll70-scan] #111 now=1700000003637405333 deadline=0 pending=0 period=0
[WARN] kernel::syscall::poll: [epoll70-scan] #112 now=1700000003637468333 deadline=0 pending=0 period=0
[WARN] kernel::syscall::poll: [epoll70-scan] #113 now=1700000003637535333 deadline=0 pending=0 period=0
[WARN] kernel::syscall::poll: [epoll70-scan] #114 now=1700000003637598333 deadline=0 pending=0 period=0
[WARN] kernel::syscall::poll: [epoll70-scan] #115 now=1700000003637661000 deadline=0 pending=0 period=0
[WARN] kernel::syscall::poll: [epoll70-scan] #116 now=1700000003637724000 deadline=0 pending=0 period=0
[WARN] kernel::syscall::poll: [epoll70-scan] #117 now=1700000003637788333 deadline=0 pending=0 period=0
[WARN] kernel::syscall::poll: [epoll70-scan] #118 now=1700000003637851666 deadline=0 pending=0 period=0
[WARN] kernel::syscall::poll: [epoll70-scan] #119 now=1700000003637915000 deadline=0 pending=0 period=0
[WARN] kernel::syscall::poll: [epoll70-scan] #120 now=1700000003637978000 deadline=0 pending=0 period=0
[WARN] kernel::syscall::poll: [epoll70-scan] #121 now=1700000003638041333 deadline=0 pending=0 period=0
[WARN] kernel::syscall::poll: [epoll70-scan] #122 now=1700000003638105666 deadline=0 pending=0 period=0
[WARN] kernel::syscall::poll: [epoll70-scan] #123 now=1700000003638170666 deadline=0 pending=0 period=0
[WARN] kernel::syscall::poll: [epoll70-scan] #124 now=1700000003638234333 deadline=0 pending=0 period=0
[WARN] kernel::syscall::poll: [epoll70-scan] #125 now=1700000003638298666 deadline=0 pending=0 period=0
[WARN] kernel::syscall::poll: [epoll70-scan] #126 now=1700000003638361666 deadline=0 pending=0 period=0
[WARN] kernel::syscall::poll: [epoll70-scan] #127 now=1700000003638425333 deadline=0 pending=0 period=0
[WARN] kernel::syscall::poll: [epoll-block] #13 pid=4 epfd=70 next=7 rip=0x7fffeefa
[WARN] kernel::syscall::poll: [epoll72-enter] #4 pid=7 epfd=72 max=16 to=4294967295 watched=[(4, 1, 0), (73, 1, 73)]
[WARN] kernel::syscall::poll: [epoll-ready-tfd] #11 epfd=72 tfd=73 pending=1 deadline=0 period=0
[WARN] kernel::syscall::poll: [epoll72-ready-fast] #2 pid=7 epfd=72 ready=1 ev=0x1 data=0x49
[WARN] kernel::syscall::poll: [epoll_fire] #11 pid=7 epfd=72 ready=1
[WARN] kernel::syscall::poll: [yield-gate] #11 cur=7 focus=1 init_ready=false pend=1 coop_ready=true
[WARN] kernel::syscall::handlers::fd: [tfd-read] pid=7 tfd=73 count=1
[WARN] kernel::syscall::poll: [tfd-settime] #2 pid=7 fd=73 flags=1 deadline=0ns now=1700000003638996333ns delta=0ns period=0ns
[WARN] kernel::syscall::poll: [epoll72-enter] #5 pid=7 epfd=72 max=16 to=4294967295 watched=[(4, 1, 0), (73, 1, 73)]
[WARN] kernel::syscall::poll: [epoll-block] #14 pid=7 epfd=72 next=1 rip=0x7fffeefa
[INFO] kernel::wm: [push-vsync] #15 frame=16 baton=0x0
[WARN] kernel::syscall::poll: [tfd-settime] #3 pid=1 fd=69 flags=1 val=1700000003641798666ns period=1700000003641798666ns → forced-delay-1ms (now=1700000003642042000ns)
[WARN] kernel::syscall::poll: [tfd-settime] #4 pid=1 fd=69 flags=1 val=1700000003641798666ns period=1700000003641798666ns → forced-delay-1ms (now=1700000003643104333ns)
[WARN] kernel::syscall::poll: [tfd-settime] #5 pid=1 fd=69 flags=1 val=1700000003641798666ns period=1700000003641798666ns → forced-delay-1ms (now=1700000003643290000ns)
[WARN] kernel::syscall::poll: [tfd-settime] #6 pid=1 fd=71 flags=1 val=1700000003643512000ns period=1700000003643512000ns → forced-delay-1ms (now=1700000003643552666ns)
[WARN] kernel::syscall::poll: [tfd-settime] #7 pid=1 fd=67 flags=1 val=1700000003643697000ns period=1700000003643697000ns → forced-delay-1ms (now=1700000003643719000ns)
[WARN] kernel::syscall::poll: [tfd67-arm] #0 pid=1 delta=1000000ns period=1700000003643697000ns orig_exp=true
[WARN] kernel::syscall::poll: [epoll-ready-tfd] #12 epfd=66 tfd=67 pending=1 deadline=3400000007288416000 period=1700000003643697000
[WARN] kernel::syscall::poll: [epoll-spin-ready] #0 pid=2 epfd=66 ready=1 init_ready=false
[WARN] kernel::syscall::handlers::fd: [tfd-read] pid=2 tfd=67 count=1
[WARN] kernel::syscall::poll: [tfd-settime] #8 pid=2 fd=67 flags=1 val=1700000003643697000ns period=1700000003643697000ns → forced-delay-1ms (now=1700000003644948666ns)
[WARN] kernel::syscall::poll: [tfd67-arm] #1 pid=2 delta=1000000ns period=1700000003643697000ns orig_exp=true
[WARN] kernel::syscall::poll: [epoll-ready-tfd] #13 epfd=68 tfd=69 pending=1 deadline=3400000007286088666 period=1700000003641798666
[WARN] kernel::syscall::poll: [epoll_fire] #12 pid=3 epfd=68 ready=1
[WARN] kernel::syscall::poll: [yield-gate] #12 cur=3 focus=1 init_ready=false pend=1 coop_ready=false
[WARN] kernel::syscall::handlers::fd: [tfd-read] pid=3 tfd=69 count=1
[WARN] kernel::syscall::poll: [tfd-settime] #9 pid=3 fd=69 flags=1 val=1700000003641798666ns period=1700000003641798666ns → forced-delay-1ms (now=1700000003645573000ns)
[WARN] kernel::syscall::poll: [tfd-settime] #10 pid=3 fd=69 flags=1 val=1700000003643047000ns period=1700000003643047000ns → forced-delay-1ms (now=1700000003645923333ns)
[INFO] kernel::syscall::handlers::futex: [cond-bridge-sib] #0 cond=0x49a000050 -> futex=0x453000040 wake_count=1 bridged=1
[INFO] kernel::syscall::handlers::futex: [cond-bridge-sib] #1 cond=0x49a000050 -> futex=0x4a7000050 wake_count=1 bridged=1
[INFO] kernel::syscall::handlers::futex: [cond-bridge-sib] #2 cond=0x49a000050 -> futex=0x4ae000050 wake_count=1 bridged=1
[WARN] kernel::syscall::posix: [cond-broadcast-bridged] #0 pid=3 cond=0x49a000050 woke=0 bridged=3
[WARN] kernel::syscall::poll: [tfd-settime] #11 pid=3 fd=69 flags=1 val=1700000003643272000ns period=1700000003643272000ns → forced-delay-1ms (now=1700000003647089000ns)
[WARN] kernel::syscall::poll: [epoll-ready-tfd] #14 epfd=68 tfd=69 pending=2 deadline=1700000003648089000 period=1700000003643272000
[WARN] kernel::syscall::poll: [epoll_fire] #13 pid=3 epfd=68 ready=1
[WARN] kernel::syscall::poll: [yield-gate] #13 cur=3 focus=1 init_ready=false pend=1 coop_ready=true
[WARN] kernel::syscall::handlers::fd: [tfd-read] pid=3 tfd=69 count=2
[WARN] kernel::syscall::poll: [epoll-ready-tfd] #15 epfd=68 tfd=69 pending=1 deadline=3400000007291361000 period=1700000003643272000
[WARN] kernel::syscall::poll: [epoll-spin-ready] #1 pid=3 epfd=68 ready=1 init_ready=false
[WARN] kernel::syscall::handlers::fd: [tfd-read] pid=3 tfd=69 count=1
[WARN] kernel::syscall::poll: [epoll-block] #15 pid=3 epfd=68 next=2 rip=0x7fffeefa
[WARN] kernel::syscall::poll: [epoll70-enter] #7 pid=4 to=4294967295 rip=0x7fffeefa
[WARN] kernel::syscall::poll: [epoll-ready-tfd] #16 epfd=70 tfd=71 pending=4 deadline=3400000007288064666 period=1700000003643512000
[WARN] kernel::syscall::poll: [epoll_fire] #14 pid=4 epfd=70 ready=1
[WARN] kernel::syscall::poll: [yield-gate] #14 cur=4 focus=1 init_ready=false pend=1 coop_ready=true
[WARN] kernel::syscall::handlers::fd: [tfd-read] pid=4 tfd=71 count=4
[WARN] kernel::syscall::poll: [tfd-settime] #12 pid=4 fd=71 flags=1 val=1700000003643512000ns period=1700000003643512000ns → forced-delay-1ms (now=1700000003650784000ns)
[WARN] kernel::syscall::poll: [epoll70-enter] #8 pid=4 to=4294967295 rip=0x7fffeefa
[WARN] kernel::syscall::poll: [epoll-ready-tfd] #17 epfd=70 tfd=71 pending=2 deadline=1700000003651784000 period=1700000003643512000
[WARN] kernel::syscall::poll: [epoll_fire] #15 pid=4 epfd=70 ready=1
[WARN] kernel::syscall::poll: [yield-gate] #15 cur=4 focus=1 init_ready=false pend=1 coop_ready=true
[WARN] kernel::syscall::handlers::fd: [tfd-read] pid=4 tfd=71 count=2
[WARN] kernel::syscall::poll: [epoll70-enter] #9 pid=4 to=4294967295 rip=0x7fffeefa
[WARN] kernel::syscall::poll: [epoll70-empty] #4 pid=4 no-ready
[WARN] kernel::syscall::poll: [epoll-ready-tfd] #18 epfd=70 tfd=71 pending=1 deadline=3400000007295296000 period=1700000003643512000
[WARN] kernel::syscall::poll: [epoll-spin-ready] #2 pid=4 epfd=70 ready=1 init_ready=false
[INFO] kernel::wm: [push-vsync] #16 frame=17 baton=0x0
[WARN] kernel::syscall::handlers::fd: [tfd-read] pid=4 tfd=71 count=1
[WARN] kernel::syscall::poll: [epoll70-enter] #10 pid=4 to=4294967295 rip=0x7fffeefa
[WARN] kernel::syscall::poll: [epoll-ready-tfd] #19 epfd=70 tfd=71 pending=1 deadline=3400000007295296000 period=1700000003643512000
[WARN] kernel::syscall::poll: [epoll_fire] #16 pid=4 epfd=70 ready=1
[WARN] kernel::syscall::poll: [yield-gate] #16 cur=4 focus=1 init_ready=false pend=1 coop_ready=true
[WARN] kernel::syscall::handlers::fd: [tfd-read] pid=4 tfd=71 count=1
[WARN] kernel::syscall::poll: [epoll70-enter] #11 pid=4 to=4294967295 rip=0x7fffeefa
[WARN] kernel::syscall::poll: [epoll70-empty] #5 pid=4 no-ready
[WARN] kernel::syscall::poll: [epoll-block] #16 pid=4 epfd=70 next=2 rip=0x7fffeefa
[WARN] kernel::syscall::poll: [epoll-ready-tfd] #20 epfd=66 tfd=67 pending=10 deadline=3400000007289645666 period=1700000003643697000
[WARN] kernel::syscall::poll: [epoll_fire] #17 pid=2 epfd=66 ready=1
[WARN] kernel::syscall::poll: [yield-gate] #17 cur=2 focus=1 init_ready=false pend=1 coop_ready=true
[WARN] kernel::syscall::handlers::fd: [tfd-read] pid=2 tfd=67 count=10
[WARN] kernel::syscall::poll: [epoll-block] #17 pid=2 epfd=66 next=3 rip=0x7fffeefa
[INFO] kernel::wm: [push-vsync] #17 frame=18 baton=0x0
[WARN] kernel::syscall::poll: [epoll-ready-tfd] #21 epfd=68 tfd=69 pending=6 deadline=3400000007291361000 period=1700000003643272000
[WARN] kernel::syscall::poll: [epoll_fire] #18 pid=3 epfd=68 ready=1
[WARN] kernel::syscall::poll: [yield-gate] #18 cur=3 focus=1 init_ready=false pend=1 coop_ready=true
[WARN] kernel::syscall::handlers::fd: [tfd-read] pid=3 tfd=69 count=6
[WARN] kernel::syscall::poll: [epoll-block] #18 pid=3 epfd=68 next=4 rip=0x7fffeefa
[WARN] kernel::syscall::poll: [epoll70-enter] #12 pid=4 to=4294967295 rip=0x7fffeefa
[WARN] kernel::syscall::poll: [epoll-ready-tfd] #22 epfd=70 tfd=71 pending=3 deadline=3400000007295296000 period=1700000003643512000
[WARN] kernel::syscall::poll: [epoll_fire] #19 pid=4 epfd=70 ready=1
[WARN] kernel::syscall::poll: [yield-gate] #19 cur=4 focus=1 init_ready=false pend=1 coop_ready=true
[WARN] kernel::syscall::handlers::fd: [tfd-read] pid=4 tfd=71 count=3
[WARN] kernel::syscall::poll: [epoll70-enter] #13 pid=4 to=4294967295 rip=0x7fffeefa
[WARN] kernel::syscall::poll: [epoll70-empty] #6 pid=4 no-ready
[WARN] kernel::syscall::poll: [epoll-block] #19 pid=4 epfd=70 next=7 rip=0x7fffeefa
[WARN] kernel::syscall::poll: [epoll72-enter] #6 pid=7 epfd=72 max=16 to=4294967295 watched=[(4, 1, 0), (73, 1, 73)]
[WARN] kernel::syscall::poll: [epoll-ready-tfd] #23 epfd=72 tfd=73 pending=9 deadline=0 period=0
[WARN] kernel::syscall::poll: [epoll72-ready-fast] #3 pid=7 epfd=72 ready=1 ev=0x1 data=0x49
[WARN] kernel::syscall::poll: [epoll_fire] #20 pid=7 epfd=72 ready=1
[WARN] kernel::syscall::poll: [yield-gate] #20 cur=7 focus=1 init_ready=false pend=1 coop_ready=true
[WARN] kernel::syscall::handlers::fd: [tfd-read] pid=7 tfd=73 count=9
[WARN] kernel::syscall::poll: [tfd-settime] #13 pid=7 fd=73 flags=1 deadline=0ns now=1700000003662904333ns delta=0ns period=0ns
[WARN] kernel::syscall::poll: [epoll72-enter] #7 pid=7 epfd=72 max=16 to=4294967295 watched=[(4, 1, 0), (73, 1, 73)]
[WARN] kernel::syscall::poll: [epoll-block] #20 pid=7 epfd=72 next=1 rip=0x7fffeefa
[INFO] kernel::wm: [push-vsync] #18 frame=19 baton=0x0
[embedder] post_task runner=0 task=1 now=17979cff10a481a2 target=17979cff10a1f162
[WARN] kernel::syscall::poll: [tfd-settime] #14 pid=1 fd=67 flags=1 val=1700000003665874333ns period=1700000003665874333ns → forced-delay-1ms (now=1700000003665900000ns)
[WARN] kernel::syscall::poll: [tfd67-arm] #2 pid=1 delta=1000000ns period=1700000003665874333ns orig_exp=true
[WARN] kernel::syscall::posix: [cond-signal] #3 pid=1 cond=0x7ffffffed000 woke=0
[WARN] kernel::syscall::poll: [tfd-settime] #15 pid=1 fd=69 flags=1 val=1700000003666513000ns period=1700000003666513000ns → forced-delay-1ms (now=1700000003666524000ns)
[WARN] kernel::syscall::poll: [epoll-ready-tfd] #24 epfd=66 tfd=67 pending=1 deadline=3400000007332774333 period=1700000003665874333
[WARN] kernel::syscall::poll: [epoll-spin-ready] #3 pid=2 epfd=66 ready=1 init_ready=false
[WARN] kernel::syscall::handlers::fd: [tfd-read] pid=2 tfd=67 count=1
[WARN] kernel::syscall::poll: [tfd-settime] #16 pid=2 fd=67 flags=1 val=1700000003665874333ns period=1700000003665874333ns → forced-delay-1ms (now=1700000003667096333ns)
[WARN] kernel::syscall::poll: [tfd67-arm] #3 pid=2 delta=1000000ns period=1700000003665874333ns orig_exp=true
[WARN] kernel::syscall::poll: [epoll-ready-tfd] #25 epfd=66 tfd=67 pending=1 deadline=3400000007333970666 period=1700000003665874333
[WARN] kernel::syscall::poll: [epoll_fire] #21 pid=2 epfd=66 ready=1
[WARN] kernel::syscall::poll: [yield-gate] #21 cur=2 focus=1 init_ready=false pend=1 coop_ready=false
[WARN] kernel::syscall::handlers::fd: [tfd-read] pid=2 tfd=67 count=1
[WARN] kernel::syscall::poll: [epoll-block] #21 pid=2 epfd=66 next=3 rip=0x7fffeefa
[WARN] kernel::syscall::poll: [epoll-ready-tfd] #26 epfd=68 tfd=69 pending=1 deadline=3400000007334037000 period=1700000003666513000
[WARN] kernel::syscall::poll: [epoll_fire] #22 pid=3 epfd=68 ready=1
[WARN] kernel::syscall::poll: [yield-gate] #22 cur=3 focus=1 init_ready=false pend=1 coop_ready=false
[WARN] kernel::syscall::handlers::fd: [tfd-read] pid=3 tfd=69 count=1
[WARN] kernel::syscall::poll: [tfd-settime] #17 pid=3 fd=69 flags=1 val=1700000003666513000ns period=1700000003666513000ns → forced-delay-1ms (now=1700000003670707333ns)
[WARN] kernel::syscall::poll: [epoll-ready-tfd] #27 epfd=68 tfd=69 pending=1 deadline=3400000007338220333 period=1700000003666513000
[WARN] kernel::syscall::poll: [epoll-spin-ready] #4 pid=3 epfd=68 ready=1 init_ready=false
[WARN] kernel::syscall::handlers::fd: [tfd-read] pid=3 tfd=69 count=1
[WARN] kernel::syscall::poll: [epoll-block] #22 pid=3 epfd=68 next=1 rip=0x7fffeefa
[WARN] kernel::syscall::poll: [tfd-settime] #18 pid=1 fd=71 flags=1 val=1700000003674107666ns period=1700000003674107666ns → forced-delay-1ms (now=1700000003674158333ns)
[WARN] kernel::syscall::poll: [epoll70-enter] #14 pid=4 to=4294967295 rip=0x7fffeefa
[WARN] kernel::syscall::poll: [epoll70-empty] #7 pid=4 no-ready
[WARN] kernel::syscall::poll: [epoll-ready-tfd] #28 epfd=70 tfd=71 pending=1 deadline=3400000007349265999 period=1700000003674107666
[WARN] kernel::syscall::poll: [epoll-spin-ready] #5 pid=4 epfd=70 ready=1 init_ready=false
[INFO] kernel::wm: [push-vsync] #19 frame=20 baton=0x0
[WARN] kernel::syscall::handlers::fd: [tfd-read] pid=4 tfd=71 count=1
[WARN] kernel::syscall::poll: [tfd-settime] #19 pid=4 fd=71 flags=1 val=1700000003674107666ns period=1700000003674107666ns → forced-delay-1ms (now=1700000003675441333ns)
[WARN] kernel::syscall::poll: [tfd-settime] #20 pid=4 fd=67 flags=1 val=1700000003675684333ns period=1700000003675684333ns → forced-delay-1ms (now=1700000003675703000ns)
[WARN] kernel::syscall::poll: [tfd67-arm] #4 pid=4 delta=1000000ns period=1700000003675684333ns orig_exp=true
[WARN] kernel::syscall::poll: [tfd-settime] #21 pid=4 fd=69 flags=1 val=1700000003675923666ns period=1700000003675923666ns → forced-delay-1ms (now=1700000003675944333ns)
[WARN] kernel::syscall::posix: [cond-signal] #4 pid=4 cond=0x7ffffffef500 woke=1
[DEBUG] kernel::syscall::dispatch: [pthread_getattr_np] tid=5 base=0x33d000000 size=0x10000
[DEBUG] kernel::syscall::posix: [pthread_attr_getstack] tid=5 base=0x33d000000 size=0x10000
[WARN] kernel::syscall::poll: [epoll-ready-tfd] #29 epfd=66 tfd=67 pending=1 deadline=3400000007352387333 period=1700000003675684333
[WARN] kernel::syscall::poll: [epoll-spin-ready] #6 pid=2 epfd=66 ready=1 init_ready=false
[WARN] kernel::syscall::handlers::fd: [tfd-read] pid=2 tfd=67 count=1
[WARN] kernel::syscall::poll: [tfd-settime] #22 pid=2 fd=67 flags=1 val=1700000003675684333ns period=1700000003675684333ns → forced-delay-1ms (now=1700000003676897333ns)
[WARN] kernel::syscall::poll: [tfd67-arm] #5 pid=2 delta=1000000ns period=1700000003675684333ns orig_exp=true
[WARN] kernel::syscall::poll: [tfd-settime] #23 pid=2 fd=67 flags=1 val=1700000003677148333ns period=1700000003677148333ns → forced-delay-1ms (now=1700000003677166333ns)
[WARN] kernel::syscall::poll: [tfd67-arm] #6 pid=2 delta=1000000ns period=1700000003677148333ns orig_exp=true
[WARN] kernel::syscall::poll: [tfd-settime] #24 pid=2 fd=67 flags=1 val=1700000003677148333ns period=1700000003677148333ns → forced-delay-1ms (now=1700000003677355666ns)
[WARN] kernel::syscall::poll: [tfd67-arm] #7 pid=2 delta=1000000ns period=1700000003677148333ns orig_exp=true
[WARN] kernel::syscall::poll: [epoll-ready-tfd] #30 epfd=66 tfd=67 pending=1 deadline=3400000007355503999 period=1700000003677148333
[WARN] kernel::syscall::poll: [epoll-spin-ready] #7 pid=2 epfd=66 ready=1 init_ready=false
[WARN] kernel::syscall::handlers::fd: [tfd-read] pid=2 tfd=67 count=1
[WARN] kernel::syscall::poll: [tfd-settime] #25 pid=2 fd=67 flags=1 val=1700000003677148333ns period=1700000003677148333ns → forced-delay-1ms (now=1700000003678626000ns)
[WARN] kernel::syscall::poll: [tfd67-arm] #8 pid=2 delta=1000000ns period=1700000003677148333ns orig_exp=true
[WARN] kernel::syscall::handlers::engine: [vsync-baton-post] #0 pid=2 baton=0x543000010
[INFO] kernel::wm: [deliver-baton] #0 baton=0x543000010
[WARN] kernel::syscall::poll: [epoll-ready-tfd] #31 epfd=66 tfd=67 pending=1 deadline=3400000007356774333 period=1700000003677148333
[WARN] kernel::syscall::poll: [epoll-spin-ready] #8 pid=2 epfd=66 ready=1 init_ready=false
[WARN] kernel::syscall::handlers::fd: [tfd-read] pid=2 tfd=67 count=1
[WARN] kernel::syscall::poll: [epoll-block] #23 pid=2 epfd=66 next=3 rip=0x7fffeefa
[INFO] kernel::wm: [push-vsync] #20 frame=21 baton=0x0
[WARN] kernel::syscall::poll: [epoll_fire] #23 pid=3 epfd=68 ready=1
[WARN] kernel::syscall::poll: [yield-gate] #23 cur=3 focus=1 init_ready=false pend=1 coop_ready=true
[WARN] kernel::syscall::handlers::fd: [tfd-read] pid=3 tfd=69 count=1
[WARN] kernel::syscall::poll: [tfd-settime] #26 pid=3 fd=69 flags=1 val=1700000003675923666ns period=1700000003675923666ns → forced-delay-1ms (now=1700000003682103666ns)
[WARN] kernel::syscall::poll: [epoll-spin-ready] #9 pid=3 epfd=68 ready=1 init_ready=false
[WARN] kernel::syscall::handlers::fd: [tfd-read] pid=3 tfd=69 count=1
[WARN] kernel::syscall::poll: [epoll-block] #24 pid=3 epfd=68 next=4 rip=0x7fffeefa
[WARN] kernel::syscall::poll: [epoll70-enter] #15 pid=4 to=4294967295 rip=0x7fffeefa
[WARN] kernel::syscall::poll: [epoll_fire] #24 pid=4 epfd=70 ready=1
[WARN] kernel::syscall::poll: [yield-gate] #24 cur=4 focus=1 init_ready=false pend=1 coop_ready=true
[WARN] kernel::syscall::handlers::fd: [tfd-read] pid=4 tfd=71 count=1
[WARN] kernel::syscall::poll: [epoll70-enter] #16 pid=4 to=4294967295 rip=0x7fffeefa
[WARN] kernel::syscall::poll: [epoll70-empty] #8 pid=4 no-ready
[WARN] kernel::syscall::poll: [epoll-block] #25 pid=4 epfd=70 next=1 rip=0x7fffeefa
[INFO] kernel::wm: [push-vsync] #21 frame=22 baton=0x0
[WARN] kernel::syscall::poll: [tfd-settime] #27 pid=1 fd=67 flags=1 val=1700000003687811333ns period=1700000003687811333ns → forced-delay-1ms (now=1700000003687835333ns)
[WARN] kernel::syscall::poll: [tfd67-arm] #9 pid=1 delta=1000000ns period=1700000003687811333ns orig_exp=true
[embedder] FlutterEngineRunInitialized OK
[WARN] kernel::syscall::poll: [tfd-settime] #28 pid=1 fd=67 flags=1 val=1700000003687811333ns period=1700000003687811333ns → forced-delay-1ms (now=1700000003688285000ns)
[WARN] kernel::syscall::poll: [tfd67-arm] #10 pid=1 delta=1000000ns period=1700000003687811333ns orig_exp=true
[WARN] kernel::syscall::poll: [tfd-settime] #29 pid=1 fd=69 flags=1 val=1700000003688667000ns period=1700000003688667000ns → forced-delay-1ms (now=1700000003688687666ns)
[WARN] kernel::syscall::poll: [tfd-settime] #30 pid=1 fd=67 flags=1 val=1700000003687811333ns period=1700000003687811333ns → forced-delay-1ms (now=1700000003688870000ns)
[WARN] kernel::syscall::poll: [tfd67-arm] #11 pid=1 delta=1000000ns period=1700000003687811333ns orig_exp=true
[embedder] schedule_frame begin initial
[WARN] kernel::syscall::poll: [tfd-settime] #31 pid=1 fd=67 flags=1 val=1700000003687811333ns period=1700000003687811333ns → forced-delay-1ms (now=1700000003689443333ns)
[WARN] kernel::syscall::poll: [tfd67-arm] #12 pid=1 delta=1000000ns period=1700000003687811333ns orig_exp=true
[embedder] schedule_frame end initial rc=0
[WARN] kernel::syscall::poll: [tfd67-arm] #13 pid=1 delta=1000000ns period=1700000003687811333ns orig_exp=true
[embedder] entering event loop
[embedder] run_task runner=0 task=1 now=17979cff121b86d8
[WARN] kernel::wm: [pop] #0 consumer_pid=1 returned_kind=1 b=22598909968 qlen=3 ptr_in_q=0
[WARN] kernel::syscall::handlers::ipc_display: [wm-event-wait-ret] #0 pid=1 event=32
[INFO] kernel::syscall::handlers::engine: [platform-recv] #0 pid=1 req_buf_len=512 wrote=0
[WARN] kernel::syscall::poll: [tfd67-arm] #14 pid=1 delta=1000000ns period=1700000003687811333ns orig_exp=true
[WARN] kernel::wm: [pop] #1 consumer_pid=1 returned_kind=3 b=0 qlen=2 ptr_in_q=0
[WARN] kernel::syscall::handlers::ipc_display: [wm-event-wait-ret] #1 pid=1 event=32
[INFO] kernel::syscall::handlers::engine: [platform-recv] #1 pid=1 req_buf_len=512 wrote=0
[WARN] kernel::syscall::poll: [tfd67-arm] #15 pid=1 delta=1000000ns period=1700000003687811333ns orig_exp=true
[WARN] kernel::wm: [pop] #2 consumer_pid=1 returned_kind=5 b=0 qlen=1 ptr_in_q=0
[WARN] kernel::syscall::handlers::ipc_display: [wm-event-wait-ret] #2 pid=1 event=32
[INFO] kernel::syscall::handlers::engine: [platform-recv] #2 pid=1 req_buf_len=512 wrote=0
[WARN] kernel::wm: [pop] #3 consumer_pid=1 returned_kind=1 b=0 qlen=0 ptr_in_q=0
[WARN] kernel::syscall::handlers::ipc_display: [wm-event-wait-ret] #3 pid=1 eagain-platform=-11
[INFO] kernel::syscall::handlers::engine: [platform-recv] #3 pid=1 req_buf_len=512 wrote=0
[embedder] schedule_frame begin idle
[WARN] kernel::syscall::poll: [tfd67-arm] #16 pid=1 delta=1000000ns period=1700000003687811333ns orig_exp=true
[embedder] schedule_frame end idle rc=0
[WARN] kernel::wm: [pop] #4 consumer_pid=1 returned_kind=1 b=0 qlen=0 ptr_in_q=0
[WARN] kernel::syscall::handlers::ipc_display: [wm-event-wait-ret] #4 pid=1 event=32
[INFO] kernel::syscall::handlers::engine: [platform-recv] #4 pid=1 req_buf_len=512 wrote=0
[WARN] kernel::syscall::handlers::ipc_display: [wm-wait-block] #0 pid=1 timeout_ms=16 deadline=1700000003708166333 pending=0 input=0 baton_due=false baton_queued=false
[WARN] kernel::syscall::handlers::ipc_display: [wm-wait-drain-before] #0 pid=1
[WARN] kernel::syscall::handlers::ipc_display: [wm-wait-drain-after] #0 pid=1 n=-11
[WARN] kernel::syscall::handlers::ipc_display: [wm-wait-xstate-before] #0 pid=1
[WARN] kernel::syscall::handlers::ipc_display: [wm-wait-xstate-after] #0 pid=1
[WARN] kernel::syscall::handlers::ipc_display: [wm-wait-post-save] #0 pid=1 pending=0 baton=false
[WARN] kernel::process: [sched-debug] next_runnable_pid(curr=1) -> Some(2)
[WARN] kernel::syscall::poll: [epoll_fire] #25 pid=2 epfd=66 ready=1
[WARN] kernel::syscall::handlers::fd: [tfd-read] pid=2 tfd=67 count=1
[WARN] kernel::syscall::poll: [tfd67-arm] #17 pid=2 delta=1000000ns period=1700000003687811333ns orig_exp=true
[WARN] kernel::syscall::dispatch: [stat-trace] nr=0x101 path='FontManifest.json'
[DEBUG] kernel::syscall::dispatch: [openat] dirfd=3 rel='FontManifest.json' → '/system/flutter/flutter_assets/FontManifest.json'
[DEBUG] kernel::syscall::handlers::fd: [sys_open] '/system/flutter/flutter_assets/FontManifest.json' → fd=6 (208 bytes)
[DEBUG] kernel::syscall::dispatch: [mmap] file-backed fd=6 off=0x0 len=0xd0 → va=0x57f000000 (208 copied)
[WARN] kernel::syscall::dispatch: [stat-trace] nr=0x101 path='NativeAssetsManifest.json'
[DEBUG] kernel::syscall::dispatch: [openat] dirfd=3 rel='NativeAssetsManifest.json' → '/system/flutter/flutter_assets/NativeAssetsManifest.json'
[DEBUG] kernel::syscall::handlers::fd: [sys_open] '/system/flutter/flutter_assets/NativeAssetsManifest.json' → fd=6 (45 bytes)
[DEBUG] kernel::syscall::dispatch: [mmap] file-backed fd=6 off=0x0 len=0x2d → va=0x5a0000000 (45 copied)
[WARN] kernel::syscall::posix: [startup-mutex] acquire #5 pid=2 mutex=0x371ef70 rip=0x7fffe2fa
[WARN] kernel::syscall::posix: [startup-mutex] unlock #5 pid=2 mutex=0x371ef70 waiter=None rip=0x7fffe30a
[DEBUG] kernel::syscall::dispatch: [pthread_getattr_np] tid=2 base=0x2d5000000 size=0x200000
[DEBUG] kernel::syscall::posix: [pthread_attr_getstack] tid=2 base=0x2d5000000 size=0x200000
[INFO] kernel::wm: [push-vsync] #22 frame=23 baton=0x0
[INFO] kernel::wm: [push-vsync] #23 frame=24 baton=0x0
[INFO] kernel::wm: [push-vsync] #24 frame=25 baton=0x0
[WARN] kernel::syscall::handlers::futex: [futex-target-wake] #1 caller=2 addr=0x338000070 waking_pid=5
[WARN] kernel::syscall::handlers::futex: [engine-bcast-storm] #0 pid=2 cond=0x5d4000048 storm_wakes=1
[WARN] kernel::syscall::poll: [tfd67-arm] #18 pid=2 delta=1000000ns period=1700000003688245666ns orig_exp=true
[embedder] post_task runner=0 task=2 now=17979cff13f9066d target=17979cff13f82bad
[INFO] kernel::wm: [push-vsync] #25 frame=26 baton=0x0
[INFO] kernel::wm: [push-vsync] #26 frame=27 baton=0x0
[WARN] kernel::syscall::posix: [vsnprintf-debug] #2 pid=2 ap=0x2d51fd680 gp_off=24 reg_save=0x2d51fd6a0 ovf=0x2d51fd760
[WARN] kernel::syscall::posix: [vsnprintf-debug] arg=0x0
[WARN] kernel::syscall::posix: [vsnprintf-debug] #3 pid=2 ap=0x2d51fd6d0 gp_off=24 reg_save=0x2d51fd6f0 ovf=0x2d51fd7b0
[WARN] kernel::syscall::posix: [vsnprintf-debug] arg=0x0
[INFO] kernel::wm: [push-vsync] #27 frame=28 baton=0x0
[WARN] kernel::syscall::posix: [vsnprintf-debug] #4 pid=2 ap=0x2d51fd600 gp_off=24 reg_save=0x2d51fd620 ovf=0x2d51fd6e0
[WARN] kernel::syscall::posix: [vsnprintf-debug] arg=0x0
[INFO] kernel::wm: [push-vsync] #28 frame=29 baton=0x0
[WARN] kernel::syscall::posix: [vsnprintf-debug] #5 pid=2 ap=0x2d51fd610 gp_off=24 reg_save=0x2d51fd630 ovf=0x2d51fd6f0
[WARN] kernel::syscall::posix: [vsnprintf-debug] arg=0x0
[WARN] kernel::syscall::posix: [vsnprintf-debug] #6 pid=2 ap=0x2d51fd690 gp_off=24 reg_save=0x2d51fd6b0 ovf=0x2d51fd770
[WARN] kernel::syscall::posix: [vsnprintf-debug] arg=0x0
[INFO] kernel::wm: [push-vsync] #29 frame=30 baton=0x0
[WARN] kernel::syscall::posix: [vsnprintf-debug] #7 pid=2 ap=0x2d51fcf20 gp_off=24 reg_save=0x2d51fcf40 ovf=0x2d51fd000
[WARN] kernel::syscall::posix: [vsnprintf-debug] arg=0x0
[WARN] kernel::syscall::posix: [vsnprintf-milestone] pid=2 arg=0x403009798
[WARN] kernel::syscall::posix: [startup-mutex] acquire #6 pid=2 mutex=0x39b000018 rip=0x7fffe2fa
[WARN] kernel::syscall::posix: [cond-signal] #5 pid=2 cond=0x453000040 woke=0
[WARN] kernel::syscall::posix: [startup-mutex] unlock #6 pid=2 mutex=0x39b000018 waiter=None rip=0x7fffe30a
[WARN] kernel::syscall::posix: [cond-signal] #6 pid=2 cond=0x128b000070 woke=0
[WARN] kernel::syscall::posix: [cond-signal] #7 pid=2 cond=0x128b000298 woke=0
[WARN] kernel::syscall::posix: [startup-mutex] acquire #7 pid=2 mutex=0x39b000018 rip=0x7fffe2fa
[WARN] kernel::syscall::posix: [startup-mutex] unlock #7 pid=2 mutex=0x39b000018 waiter=None rip=0x7fffe30a
[WARN] kernel::process: [spawn_thread] alloc stack_va=0x12cf000000 pages=256
[WARN] kernel::process: [spawn_thread] tid=9 tls_va=0x12d0000000 arg=0x12ce000010
[INFO] kernel::process: [Process] Thread tid=9 spawned in pid=1 entry=0x338ed10 tls=0x12d0000000
[WARN] kernel::syscall::handlers::futex: [thread-create] spawned child=9 entry=0x338ed10
[WARN] kernel::process: [enter-user-89] #2 pid=9 rip=0x338ed10 rsp=0x12cf0ffff8 fs=0x12d0000000 preempted=false errno=0
[WARN] kernel::syscall::dispatch: [pid89-sys] #60 pid=9 nr=0x3a1 a0=0x12ce000010 a1=0x18 a2=0x0 a3=0x338ed10 rip=0x7fffe01a
[WARN] kernel::syscall::dispatch: [pid89-sys] #61 pid=9 nr=0x434 a0=0x12cf0fffc0 a1=0x10 a2=0x115ef6d a3=0x1161ee3 rip=0x7fffea4a
[WARN] kernel::syscall::dispatch: [pid89-sys] #62 pid=9 nr=0x3d1 a0=0x12cf0fffc0 a1=0x10 a2=0x115ef6d a3=0x7fffea4a rip=0x7fffe2da
[WARN] kernel::syscall::dispatch: [pid89-sys] #63 pid=9 nr=0x3f4 a0=0x12d0000000 a1=0x12cf0fffc0 a2=0x115ef6d a3=0x7fffe2da rip=0x7fffe50a
[WARN] kernel::syscall::dispatch: [pid89-sys] #64 pid=9 nr=0x3d3 a0=0x374000010 a1=0x12cf0fffc0 a2=0x115ef6d a3=0x7fffe50a rip=0x7fffe2fa
[WARN] kernel::syscall::dispatch: [pid89-sys] #65 pid=9 nr=0x3a0 a0=0xb0 a1=0x12cf0fffc0 a2=0x115ef6d a3=0x7fffe2fa rip=0x7fffe00a
[WARN] kernel::syscall::dispatch: [pid89-sys] #66 pid=9 nr=0x3d1 a0=0x12d1000010 a1=0x12cf0fffc0 a2=0x115ef6d a3=0x7fffe00a rip=0x7fffe2da
[WARN] kernel::syscall::dispatch: [pid89-sys] #67 pid=9 nr=0x411 a0=0xba a1=0x12cf0fffc0 a2=0x115ef6d a3=0x7fffe2da rip=0x7fffe71a
[WARN] kernel::syscall::dispatch: [pid89-sys] #68 pid=9 nr=0xba a0=0x12cf0fffc0 a1=0x115ef6d a2=0x7fffe2da a3=0x0 rip=0x7fffe71a
[WARN] kernel::syscall::dispatch: [pid89-sys] #69 pid=9 nr=0x3a0 a0=0x10 a1=0x12cf0fffc0 a2=0x115ef6d a3=0x7fffe71a rip=0x7fffe00a
[WARN] kernel::syscall::dispatch: [pid89-sys] #70 pid=9 nr=0x3d1 a0=0x10 a1=0x12cf0fffc0 a2=0x115ef6d a3=0x7fffe00a rip=0x7fffe2da
[WARN] kernel::syscall::dispatch: [pid89-sys] #71 pid=9 nr=0x3f5 a0=0x12d0000000 a1=0x12d2000010 a2=0x10 a3=0x7fffe2da rip=0x7fffe51a
[WARN] kernel::syscall::dispatch: [pid89-sys] #72 pid=9 nr=0x3ec a0=0x12cf0ffabc a1=0x12d2000010 a2=0x10 a3=0x7fffe51a rip=0x7fffe48a
[WARN] kernel::syscall::dispatch: [pid89-sys] #73 pid=9 nr=0x3d2 a0=0x12d1000038 a1=0x12cf0ffabc a2=0x10 a3=0x7fffe48a rip=0x7fffe2ea
[WARN] kernel::syscall::dispatch: [pid89-sys] #74 pid=9 nr=0x3ed a0=0x12cf0ffabc a1=0x12cf0ffabc a2=0x10 a3=0x7fffe2ea rip=0x7fffe49a
[WARN] kernel::syscall::dispatch: [pid89-sys] #75 pid=9 nr=0x3a0 a0=0x30 a1=0x12cf0ffabc a2=0x10 a3=0x7fffe49a rip=0x7fffe00a
[WARN] kernel::syscall::dispatch: [pid89-sys] #76 pid=9 nr=0x3d1 a0=0x12d10000a0 a1=0x12d1000098 a2=0x10 a3=0x32fb050 rip=0x7fffe2da
[WARN] kernel::syscall::dispatch: [pid89-sys] #77 pid=9 nr=0x3f6 a0=0x12d0000000 a1=0x12cf0ffe88 a2=0x10 a3=0x7fffe2da rip=0x7fffe52a
[DEBUG] kernel::syscall::dispatch: [pthread_getattr_np] tid=9 base=0x12cf000000 size=0x100000
[WARN] kernel::syscall::dispatch: [pid89-sys] #78 pid=9 nr=0x3eb a0=0x12cf0ffe88 a1=0x12cf0ffe80 a2=0x12cf0ffe78 a3=0x7fffe52a rip=0x7fffe47a
[DEBUG] kernel::syscall::posix: [pthread_attr_getstack] tid=9 base=0x12cf000000 size=0x100000
[WARN] kernel::syscall::dispatch: [pid89-sys] #79 pid=9 nr=0x3e8 a0=0x12cf0ffe88 a1=0x12cf0ffe80 a2=0x12cf0ffe78 a3=0x7fffe47a rip=0x7fffe44a
[WARN] kernel::syscall::dispatch: [pid89-sys] #80 pid=9 nr=0x3d4 a0=0x374000010 a1=0x12cf0ffe80 a2=0x80000 a3=0x0 rip=0x7fffe30a
[WARN] kernel::syscall::dispatch: [pid89-sys] #81 pid=9 nr=0x3da a0=0x3 a1=0x12d1000010 a2=0x80000 a3=0x7fffe30a rip=0x7fffe36a
[WARN] kernel::syscall::dispatch: [pid89-sys] #82 pid=9 nr=0x3fd a0=0x36f1c88 a1=0x12d1000010 a2=0x80000 a3=0x7fffe36a rip=0x7fffe59a
[WARN] kernel::syscall::dispatch: [pid89-sys] #83 pid=9 nr=0x3d3 a0=0x374000010 a1=0x1161ee3 a2=0x80000 a3=0x7fffe59a rip=0x7fffe2fa
[WARN] kernel::syscall::dispatch: [pid89-sys] #84 pid=9 nr=0x3a1 a0=0x12d2000010 a1=0x1161ee3 a2=0x80000 a3=0x7fffe2fa rip=0x7fffe01a
[WARN] kernel::syscall::dispatch: [pid89-sys] #85 pid=9 nr=0x3a7 a0=0x1161ee3 a1=0x1161ee3 a2=0x80000 a3=0x7fffe01a rip=0x7fffe07a
[WARN] kernel::syscall::dispatch: [pid89-sys] #86 pid=9 nr=0x27 a0=0x1161ee3 a1=0x1161ee3 a2=0x80000 a3=0x7fffe07a rip=0x7fffe5ea
[WARN] kernel::syscall::dispatch: [pid89-sys] #87 pid=9 nr=0x3b7 a0=0x117538f a1=0x1170c61 a2=0x9 a3=0x12d5000010 rip=0x7fffe11a
[WARN] kernel::syscall::dispatch: [pid89-sys] #88 pid=9 nr=0x3b7 a0=0x116d8b1 a1=0x1170c61 a2=0x9 a3=0x7fffe11a rip=0x7fffe11a
[WARN] kernel::syscall::dispatch: [pid89-sys] #89 pid=9 nr=0x3b7 a0=0x1179d4d a1=0x1170c61 a2=0x9 a3=0x7fffe11a rip=0x7fffe11a
[WARN] kernel::syscall::dispatch: [pid89-sys] #90 pid=9 nr=0x3d3 a0=0x37a000058 a1=0x1170c61 a2=0x9 a3=0x7fffe11a rip=0x7fffe2fa
[WARN] kernel::syscall::dispatch: [pid89-sys] #91 pid=9 nr=0x3a0 a0=0x20 a1=0x0 a2=0x10 a3=0x1 rip=0x7fffe00a
[WARN] kernel::syscall::dispatch: [pid89-sys] #92 pid=9 nr=0x3a7 a0=0x12d5000010 a1=0x0 a2=0x10 a3=0x7fffe00a rip=0x7fffe07a
[WARN] kernel::syscall::dispatch: [pid89-sys] #93 pid=9 nr=0x3d4 a0=0x37a000058 a1=0x0 a2=0x10 a3=0x7fffe07a rip=0x7fffe30a
[WARN] kernel::syscall::dispatch: [pid89-sys] #94 pid=9 nr=0x3d4 a0=0x374000010 a1=0x0 a2=0x10 a3=0x7fffe30a rip=0x7fffe30a
[WARN] kernel::syscall::dispatch: [pid89-sys] #95 pid=9 nr=0x483 a0=0x12cf0fff40 a1=0x0 a2=0x10 a3=0x7fffe30a rip=0x7fffef9a
[WARN] kernel::syscall::dispatch: [pid89-sys] #96 pid=9 nr=0x484 a0=0x12cf0fff40 a1=0x1b a2=0x10 a3=0x7fffef9a rip=0x7fffefaa
[WARN] kernel::syscall::dispatch: [pid89-sys] #97 pid=9 nr=0x3f2 a0=0x1 a1=0x12cf0fff40 a2=0x0 a3=0x7fffefaa rip=0x7fffe4ea
[WARN] kernel::syscall::dispatch: [pid89-sys] #98 pid=9 nr=0x3db a0=0x3 a1=0x12cf0fff40 a2=0x0 a3=0x7fffe4ea rip=0x7fffe37a
[WARN] kernel::syscall::dispatch: [pid89-sys] #99 pid=9 nr=0x3d1 a0=0x12d1000010 a1=0x12cf0fff40 a2=0x0 a3=0x7fffe37a rip=0x7fffe2da
[WARN] kernel::syscall::dispatch: [pid89-sys] #100 pid=9 nr=0x3d3 a0=0x39b000018 a1=0x12cd000010 a2=0x0 a3=0x7fffe2da rip=0x7fffe2fa
[WARN] kernel::syscall::posix: [startup-mutex] acquire #8 pid=9 mutex=0x39b000018 rip=0x7fffe2fa
[WARN] kernel::syscall::dispatch: [pid89-sys] #101 pid=9 nr=0x3de a0=0x453000040 a1=0x12cd000010 a2=0x0 a3=0x39b000098 rip=0x7fffe3aa
[WARN] kernel::syscall::posix: [cond-signal] #8 pid=9 cond=0x453000040 woke=0
[WARN] kernel::syscall::dispatch: [pid89-sys] #102 pid=9 nr=0x3d4 a0=0x39b000018 a1=0x12cd000010 a2=0x0 a3=0x7fffe3aa rip=0x7fffe30a
[WARN] kernel::syscall::posix: [startup-mutex] unlock #8 pid=9 mutex=0x39b000018 waiter=None rip=0x7fffe30a
[WARN] kernel::syscall::dispatch: [pid89-sys] #103 pid=9 nr=0x3d3 a0=0x5c0000010 a1=0x0 a2=0x3 a3=0x0 rip=0x7fffe2fa
[WARN] kernel::syscall::dispatch: [pid89-sys] #104 pid=9 nr=0x3a0 a0=0xeb8 a1=0x0 a2=0x3 a3=0x7fffe2fa rip=0x7fffe00a
[WARN] kernel::syscall::dispatch: [pid89-sys] #105 pid=9 nr=0x3b2 a0=0x12d8000068 a1=0x0 a2=0x1a0 a3=0x7fffe00a rip=0x7fffe0ba
[WARN] kernel::syscall::dispatch: [pid89-sys] #106 pid=9 nr=0x411 a0=0x13e a1=0x12cf0ffd58 a2=0x8 a3=0x0 rip=0x7fffe71a
[WARN] kernel::syscall::dispatch: [pid89-sys] #107 pid=9 nr=0x13e a0=0x12cf0ffd58 a1=0x8 a2=0x0 a3=0x0 rip=0x7fffe71a
[WARN] kernel::syscall::dispatch: [pid89-sys] #108 pid=9 nr=0x3ec a0=0x12cf0ff93c a1=0x12cf0ffd58 a2=0xffffda61 a3=0x37237f8 rip=0x7fffe48a
[WARN] kernel::syscall::dispatch: [pid89-sys] #109 pid=9 nr=0x3d2 a0=0x12d80008d0 a1=0x12cf0ff93c a2=0xffffda61 a3=0x7fffe48a rip=0x7fffe2ea
[WARN] kernel::syscall::dispatch: [pid89-sys] #110 pid=9 nr=0x3ed a0=0x12cf0ff93c a1=0x12cf0ff93c a2=0xffffda61 a3=0x7fffe2ea rip=0x7fffe49a
[WARN] kernel::syscall::dispatch: [pid89-sys] #111 pid=9 nr=0x3ef a0=0x12cf0ff93c a1=0x12cf0ff93c a2=0xffffda61 a3=0x7fffe49a rip=0x7fffe4ba
[WARN] kernel::syscall::dispatch: [pid89-sys] #112 pid=9 nr=0x3f1 a0=0x12cf0ff93c a1=0x1 a2=0xffffda61 a3=0x7fffe4ba rip=0x7fffe4da
[WARN] kernel::syscall::dispatch: [pid89-sys] #113 pid=9 nr=0x3dc a0=0x12d8000900 a1=0x12cf0ff93c a2=0xffffda61 a3=0x7fffe4da rip=0x7fffe38a
[WARN] kernel::syscall::dispatch: [pid89-sys] #114 pid=9 nr=0x3f0 a0=0x12cf0ff93c a1=0x12cf0ff93c a2=0xffffda61 a3=0x7fffe38a rip=0x7fffe4ca
[WARN] kernel::syscall::dispatch: [pid89-sys] #115 pid=9 nr=0x3a0 a0=0x20 a1=0x12cf0ff93c a2=0xffffda61 a3=0x7fffe4ca rip=0x7fffe00a
[WARN] kernel::syscall::dispatch: [pid89-sys] #116 pid=9 nr=0x3b2 a0=0x12d8000090 a1=0x0 a2=0x550 a3=0x7fffe00a rip=0x7fffe0ba
[WARN] kernel::syscall::dispatch: [pid89-sys] #117 pid=9 nr=0x3b2 a0=0x12d80006c8 a1=0x0 a2=0x190 a3=0x7fffe0ba rip=0x7fffe0ba
[WARN] kernel::syscall::dispatch: [pid89-sys] #118 pid=9 nr=0x3d4 a0=0x5c0000010 a1=0x3ca008081 a2=0xd95a3788 a3=0x0 rip=0x7fffe30a
[WARN] kernel::syscall::dispatch: [pid89-sys] #119 pid=9 nr=0x3d3 a0=0x391000010 a1=0x3ca008081 a2=0xd95a3788 a3=0x7fffe30a rip=0x7fffe2fa
[WARN] kernel::syscall::dispatch: [pid89-sys] #120 pid=9 nr=0x3d4 a0=0x391000010 a1=0x3ca008081 a2=0xd95a3788 a3=0x7fffe2fa rip=0x7fffe30a
[WARN] kernel::syscall::dispatch: [pid89-sys] #121 pid=9 nr=0x3a0 a0=0x210 a1=0x3ca008081 a2=0xd95a3788 a3=0x7fffe30a rip=0x7fffe00a
[WARN] kernel::syscall::dispatch: [pid89-sys] #122 pid=9 nr=0x3b2 a0=0x12da000020 a1=0x0 a2=0x200 a3=0x7fffe00a rip=0x7fffe0ba
[WARN] kernel::syscall::dispatch: [pid89-sys] #123 pid=9 nr=0x3d3 a0=0x391000010 a1=0x0 a2=0x200 a3=0x7fffe0ba rip=0x7fffe2fa
[WARN] kernel::syscall::dispatch: [pid89-sys] #124 pid=9 nr=0x3d4 a0=0x391000010 a1=0x0 a2=0x200 a3=0x7fffe2fa rip=0x7fffe30a
[WARN] kernel::syscall::dispatch: [pid89-sys] #125 pid=9 nr=0x3a0 a0=0x210 a1=0x0 a2=0x200 a3=0x7fffe30a rip=0x7fffe00a
[WARN] kernel::syscall::dispatch: [pid89-sys] #126 pid=9 nr=0x3b2 a0=0x12db000020 a1=0x0 a2=0x200 a3=0x7fffe00a rip=0x7fffe0ba
[WARN] kernel::syscall::dispatch: [pid89-sys] #127 pid=9 nr=0x3d3 a0=0x391000010 a1=0x0 a2=0x200 a3=0x7fffe0ba rip=0x7fffe2fa
[WARN] kernel::syscall::posix: [cond-signal] #9 pid=9 cond=0x128b0001f0 woke=0
[WARN] kernel::syscall::posix: [cond-signal] #10 pid=9 cond=0x128b000070 woke=0
[WARN] kernel::syscall::poll: [tfd67-arm] #19 pid=9 delta=1000000ns period=1700000003688245666ns orig_exp=true
[WARN] kernel::syscall::posix: [startup-mutex] acquire #9 pid=9 mutex=0x39b000018 rip=0x7fffe2fa
[WARN] kernel::syscall::posix: [startup-mutex] unlock #9 pid=9 mutex=0x39b000018 waiter=None rip=0x7fffe30a
[WARN] kernel::syscall::poll: [tfd67-arm] #20 pid=9 delta=1000000ns period=1700000003688245666ns orig_exp=true
[WARN] kernel::syscall::posix: [startup-mutex] acquire #10 pid=9 mutex=0x39b000018 rip=0x7fffe2fa
[WARN] kernel::syscall::posix: [timedwait] #1 pid=9 cond=0x12cd000040 mutex=0x39b000018 timeout_ns=1700000008970277333 now=1700000003970279333
[WARN] kernel::syscall::posix: [startup-mutex] unlock #10 pid=9 mutex=0x39b000018 waiter=None rip=0x7fffe3da
[WARN] kernel::wm: [pop] #5 consumer_pid=1 returned_kind=1 b=0 qlen=0 ptr_in_q=0
[WARN] kernel::syscall::handlers::ipc_display: [wm-event-wait-ret] #5 pid=1 eagain-platform=-11
[INFO] kernel::syscall::handlers::engine: [platform-recv] #5 pid=1 req_buf_len=512 wrote=0
[embedder] schedule_frame begin idle
[WARN] kernel::syscall::poll: [tfd67-arm] #21 pid=1 delta=1000000ns period=1700000003688245666ns orig_exp=true
[embedder] schedule_frame end idle rc=0
[embedder] run_task runner=0 task=2 now=17979cff22d8a9a2
[embedder] schedule_frame begin startup
[WARN] kernel::syscall::poll: [tfd67-arm] #22 pid=1 delta=1000000ns period=1700000003688245666ns orig_exp=true
[embedder] schedule_frame end startup rc=0
[WARN] kernel::wm: [pop] #6 consumer_pid=1 returned_kind=1 b=0 qlen=0 ptr_in_q=0
[WARN] kernel::syscall::handlers::ipc_display: [wm-event-wait-ret] #6 pid=1 event=32
[INFO] kernel::syscall::handlers::engine: [platform-recv] #6 pid=1 req_buf_len=512 wrote=0
[WARN] kernel::wm: [pop] #7 consumer_pid=1 returned_kind=1 b=0 qlen=0 ptr_in_q=0
[WARN] kernel::syscall::handlers::ipc_display: [wm-event-wait-ret] #7 pid=1 eagain-platform=-11
[INFO] kernel::syscall::handlers::engine: [platform-recv] #7 pid=1 req_buf_len=512 wrote=0
[WARN] kernel::wm: [pop] #8 consumer_pid=1 returned_kind=1 b=0 qlen=0 ptr_in_q=0
[WARN] kernel::syscall::handlers::ipc_display: [wm-event-wait-ret] #8 pid=1 event=32
[INFO] kernel::syscall::handlers::engine: [platform-recv] #8 pid=1 req_buf_len=512 wrote=0
[embedder] schedule_frame begin vsync0
[WARN] kernel::syscall::poll: [tfd67-arm] #23 pid=1 delta=1000000ns period=1700000003688245666ns orig_exp=true
[embedder] schedule_frame end vsync0 rc=0
[WARN] kernel::syscall::handlers::ipc_display: [wm-wait-block] #1 pid=1 timeout_ms=16 deadline=1700000003987912333 pending=0 input=0 baton_due=false baton_queued=false
[WARN] kernel::syscall::handlers::ipc_display: [wm-wait-drain-before] #1 pid=1
[WARN] kernel::syscall::handlers::ipc_display: [wm-wait-drain-after] #1 pid=1 n=-11
[WARN] kernel::syscall::handlers::ipc_display: [wm-wait-xstate-before] #1 pid=1
[WARN] kernel::syscall::handlers::ipc_display: [wm-wait-xstate-after] #1 pid=1
[WARN] kernel::syscall::handlers::ipc_display: [wm-wait-post-save] #1 pid=1 pending=0 baton=false
[WARN] kernel::process: [sched-debug] next_runnable_pid(curr=1) -> Some(2)
[INFO] kernel::syscall::handlers::futex: [cond-bridge-sib] #3 cond=0x5c5000060 -> futex=0x12cd000040 wake_count=1 bridged=1
[WARN] kernel::syscall::posix: [cond-signal-bridged] #0 pid=2 cond=0x5c5000060 woke=0 bridged=1
[WARN] kernel::syscall::posix: [cond-signal] #11 pid=2 cond=0x5c5000060 woke=0
[WARN] kernel::syscall::posix: [startup-mutex] acquire #11 pid=2 mutex=0x39b000018 rip=0x7fffe2fa
[WARN] kernel::syscall::posix: [cond-signal] #12 pid=2 cond=0x12cd000040 woke=0
[WARN] kernel::syscall::posix: [startup-mutex] unlock #11 pid=2 mutex=0x39b000018 waiter=None rip=0x7fffe30a
[WARN] kernel::syscall::posix: [cond-signal] #13 pid=2 cond=0x128b000298 woke=0
[WARN] kernel::syscall::posix: [cond-signal] #14 pid=2 cond=0x5c5000060 woke=0
[WARN] kernel::syscall::posix: [startup-mutex] acquire #12 pid=2 mutex=0x39b000018 rip=0x7fffe2fa
[WARN] kernel::syscall::posix: [cond-signal] #15 pid=2 cond=0x12cd000040 woke=0
[WARN] kernel::syscall::posix: [startup-mutex] unlock #12 pid=2 mutex=0x39b000018 waiter=None rip=0x7fffe30a
[WARN] kernel::syscall::posix: [startup-mutex] acquire #13 pid=2 mutex=0x39b000018 rip=0x7fffe2fa
[WARN] kernel::syscall::posix: [startup-mutex] unlock #13 pid=2 mutex=0x39b000018 waiter=None rip=0x7fffe30a
[WARN] kernel::process: [spawn_thread] alloc stack_va=0x133b000000 pages=256
[WARN] kernel::process: [spawn_thread] tid=10 tls_va=0x133c000000 arg=0x133a000010
[INFO] kernel::process: [Process] Thread tid=10 spawned in pid=1 entry=0x338ed10 tls=0x133c000000
[WARN] kernel::syscall::handlers::futex: [thread-create] spawned child=10 entry=0x338ed10
[DEBUG] kernel::syscall::dispatch: [pthread_getattr_np] tid=10 base=0x133b000000 size=0x100000
[DEBUG] kernel::syscall::posix: [pthread_attr_getstack] tid=10 base=0x133b000000 size=0x100000
[WARN] kernel::syscall::posix: [startup-mutex] acquire #14 pid=10 mutex=0x39b000018 rip=0x7fffe2fa
[WARN] kernel::syscall::posix: [cond-signal] #16 pid=10 cond=0x12cd000040 woke=0
[WARN] kernel::syscall::posix: [startup-mutex] unlock #14 pid=10 mutex=0x39b000018 waiter=None rip=0x7fffe30a
[WARN] kernel::syscall::posix: [startup-mutex] acquire #15 pid=10 mutex=0x39b000018 rip=0x7fffe2fa
[WARN] kernel::syscall::posix: [cond-signal] #17 pid=10 cond=0x12cd000040 woke=0
[WARN] kernel::syscall::posix: [startup-mutex] unlock #15 pid=10 mutex=0x39b000018 waiter=None rip=0x7fffe30a
[WARN] kernel::syscall::posix: [startup-mutex] acquire #16 pid=10 mutex=0x39b000018 rip=0x7fffe2fa
[WARN] kernel::syscall::posix: [startup-mutex] unlock #16 pid=10 mutex=0x39b000018 waiter=None rip=0x7fffe30a
[WARN] kernel::syscall::posix: [startup-mutex] acquire #17 pid=10 mutex=0x39b000018 rip=0x7fffe2fa
[WARN] kernel::syscall::posix: [timedwait] #2 pid=10 cond=0x1339000040 mutex=0x39b000018 timeout_ns=1700000008978464666 now=1700000003978466666
[WARN] kernel::syscall::posix: [startup-mutex] unlock #17 pid=10 mutex=0x39b000018 waiter=None rip=0x7fffe3da
[WARN] kernel::syscall::handlers::ipc_display: [wm-wait-block] #2 pid=1 timeout_ms=16 deadline=1700000003987912333 pending=0 input=0 baton_due=false baton_queued=false
[WARN] kernel::syscall::handlers::ipc_display: [wm-wait-drain-before] #2 pid=1
[WARN] kernel::syscall::handlers::ipc_display: [wm-wait-drain-after] #2 pid=1 n=-11
[WARN] kernel::syscall::handlers::ipc_display: [wm-wait-xstate-before] #2 pid=1
[WARN] kernel::syscall::handlers::ipc_display: [wm-wait-xstate-after] #2 pid=1
[WARN] kernel::syscall::handlers::ipc_display: [wm-wait-post-save] #2 pid=1 pending=0 baton=false
[WARN] kernel::process: [sched-debug] next_runnable_pid(curr=1) -> Some(2)
[WARN] kernel::syscall::posix: [startup-mutex] acquire #18 pid=2 mutex=0x39b000018 rip=0x7fffe2fa
[WARN] kernel::syscall::posix: [cond-signal] #18 pid=2 cond=0x1339000040 woke=1
[WARN] kernel::syscall::poll: [epoll_fire] #26 pid=3 epfd=68 ready=1
[WARN] kernel::syscall::handlers::fd: [tfd-read] pid=3 tfd=69 count=119
[DEBUG] kernel::syscall::dispatch: [pthread_getattr_np] tid=3 base=0x2e3000000 size=0x200000
[DEBUG] kernel::syscall::posix: [pthread_attr_getstack] tid=3 base=0x2e3000000 size=0x200000
[WARN] kernel::syscall::poll: [epoll-block] #26 pid=3 epfd=68 next=2 rip=0x7fffeefa
[WARN] kernel::syscall::posix: [startup-mutex] unlock #18 pid=2 mutex=0x39b000018 waiter=None rip=0x7fffe30a
[WARN] kernel::syscall::posix: [cond-signal] #19 pid=2 cond=0x136e000070 woke=0
[WARN] kernel::syscall::posix: [cond-signal] #20 pid=2 cond=0x136e000298 woke=0
[WARN] kernel::syscall::posix: [startup-mutex] acquire #19 pid=2 mutex=0x39b000018 rip=0x7fffe2fa
[WARN] kernel::syscall::posix: [cond-signal] #21 pid=2 cond=0x1339000040 woke=0
[WARN] kernel::syscall::posix: [startup-mutex] unlock #19 pid=2 mutex=0x39b000018 waiter=None rip=0x7fffe30a
[WARN] kernel::syscall::posix: [cond-signal] #22 pid=2 cond=0x136e0001f0 woke=0
[WARN] kernel::syscall::posix: [cond-signal] #23 pid=2 cond=0x136e0000f0 woke=0
[WARN] kernel::syscall::posix: [cond-broadcast] #2048 pid=2 cond=0x5d4000048 woke=0
[WARN] kernel::syscall::posix: [cond-broadcast] #4096 pid=2 cond=0x5d4000048 woke=0
[WARN] kernel::syscall::posix: [cond-broadcast-zero-wake] #4096 pid=2 cond=0x5d4000048 skip_bridge=true
[WARN] kernel::syscall::posix: [cond-broadcast] #6144 pid=2 cond=0x5d4000048 woke=0
[WARN] kernel::syscall::poll: [tfd67-arm] #24 pid=2 delta=1000000ns period=1700000003688245666ns orig_exp=true
[WARN] kernel::syscall::posix: [cond-broadcast] #8192 pid=2 cond=0x5d4000048 woke=0
[WARN] kernel::syscall::posix: [cond-broadcast-zero-wake] #8192 pid=2 cond=0x5d4000048 skip_bridge=true
[WARN] kernel::syscall::posix: [cond-broadcast] #10240 pid=2 cond=0x5d4000048 woke=0
[embedder] post_task runner=0 task=3 now=17979cff4b1926da target=17979cff4b17ba45
[embedder] post_task runner=0 task=4 now=17979cff4b1da880 target=17979cff4b1c7a6a
[WARN] kernel::syscall::poll: [tfd67-arm] #25 pid=2 delta=1000000ns period=1700000003688245666ns orig_exp=true
[WARN] kernel::syscall::poll: [tfd67-arm] #26 pid=2 delta=1000000ns period=1700000003688843333ns orig_exp=true
[WARN] kernel::syscall::posix: [cond-broadcast] #12288 pid=2 cond=0x5bd000048 woke=0
[WARN] kernel::syscall::poll: [tfd67-arm] #27 pid=2 delta=1000000ns period=1700000003689396333ns orig_exp=true
[WARN] kernel::syscall::poll: [tfd67-arm] #28 pid=2 delta=1000000ns period=1700000003689876666ns orig_exp=true
[WARN] kernel::syscall::posix: [cond-broadcast-zero-wake] #12288 pid=2 cond=0x25c000040 skip_bridge=true
[WARN] kernel::syscall::poll: [tfd67-arm] #29 pid=2 delta=1000000ns period=1700000003690719666ns orig_exp=true
[WARN] kernel::syscall::poll: [tfd67-arm] #30 pid=2 delta=1000000ns period=1700000003691297000ns orig_exp=true
[WARN] kernel::syscall::poll: [tfd67-arm] #31 pid=2 delta=1000000ns period=1700000003691297000ns orig_exp=true
[WARN] kernel::syscall::poll: [tfd67-arm] #32 pid=2 delta=1000000ns period=1700000003691867000ns orig_exp=true
[WARN] kernel::syscall::poll: [tfd67-arm] #33 pid=2 delta=1000000ns period=1700000003721086000ns orig_exp=true
[WARN] kernel::syscall::poll: [epoll-block] #27 pid=2 epfd=66 next=3 rip=0x7fffeefa
[WARN] kernel::syscall::poll: [epoll_fire] #27 pid=3 epfd=68 ready=1
[WARN] kernel::syscall::handlers::fd: [tfd-read] pid=3 tfd=69 count=912
[WARN] kernel::syscall::poll: [epoll-block] #28 pid=3 epfd=68 next=4 rip=0x7fffeefa
[WARN] kernel::syscall::poll: [epoll70-enter] #17 pid=4 to=4294967295 rip=0x7fffeefa
[WARN] kernel::syscall::poll: [epoll_fire] #28 pid=4 epfd=70 ready=1
[WARN] kernel::syscall::handlers::fd: [tfd-read] pid=4 tfd=71 count=1030
[DEBUG] kernel::syscall::dispatch: [pthread_getattr_np] tid=4 base=0x2f1000000 size=0x200000
[DEBUG] kernel::syscall::posix: [pthread_attr_getstack] tid=4 base=0x2f1000000 size=0x200000
[WARN] kernel::syscall::poll: [epoll70-enter] #18 pid=4 to=4294967295 rip=0x7fffeefa
[WARN] kernel::syscall::poll: [epoll70-empty] #9 pid=4 no-ready
[WARN] kernel::syscall::poll: [epoll-block] #29 pid=4 epfd=70 next=7 rip=0x7fffeefa
[WARN] kernel::syscall::poll: [epoll72-enter] #8 pid=7 epfd=72 max=16 to=4294967295 watched=[(4, 1, 0), (73, 1, 73)]
[WARN] kernel::syscall::poll: [epoll72-ready-fast] #4 pid=7 epfd=72 ready=1 ev=0x1 data=0x49
[WARN] kernel::syscall::poll: [epoll_fire] #29 pid=7 epfd=72 ready=1
[WARN] kernel::syscall::handlers::fd: [tfd-read] pid=7 tfd=73 count=1095
[WARN] kernel::syscall::poll: [epoll72-enter] #9 pid=7 epfd=72 max=16 to=4294967295 watched=[(4, 1, 0), (73, 1, 73)]
[WARN] kernel::syscall::poll: [epoll-block] #30 pid=7 epfd=72 next=1 rip=0x7fffeefa
[WARN] kernel::wm: [pop] #9 consumer_pid=1 returned_kind=1 b=0 qlen=0 ptr_in_q=0
[WARN] kernel::syscall::handlers::ipc_display: [wm-event-wait-ret] #9 pid=1 eagain-platform=-11
[INFO] kernel::syscall::handlers::engine: [platform-recv] #9 pid=1 req_buf_len=512 wrote=0
[embedder] schedule_frame begin idle
[WARN] kernel::syscall::poll: [tfd67-arm] #34 pid=1 delta=1000000ns period=1700000003721086000ns orig_exp=true
[embedder] schedule_frame end idle rc=0
[embedder] run_task runner=0 task=3 now=17979cff4e376f88
[embedder] run_task runner=0 task=4 now=17979cff4e376f88
[embedder/pfm] ch=flutter/isolate sz=25
[embedder] schedule_frame begin startup
[WARN] kernel::syscall::poll: [tfd67-arm] #35 pid=1 delta=1000000ns period=1700000003721086000ns orig_exp=true
[embedder] schedule_frame end startup rc=0
[WARN] kernel::wm: [pop] #10 consumer_pid=1 returned_kind=1 b=0 qlen=0 ptr_in_q=0
[WARN] kernel::syscall::handlers::ipc_display: [wm-event-wait-ret] #10 pid=1 event=32
[INFO] kernel::syscall::handlers::engine: [platform-recv] #10 pid=1 req_buf_len=512 wrote=0
[embedder] schedule_frame begin vsync0
[WARN] kernel::syscall::poll: [tfd67-arm] #36 pid=1 delta=1000000ns period=1700000003721086000ns orig_exp=true
[embedder] schedule_frame end vsync0 rc=0
[WARN] kernel::syscall::handlers::ipc_display: [wm-wait-block] #3 pid=1 timeout_ms=16 deadline=1700000004715556666 pending=0 input=0 baton_due=false baton_queued=false
[WARN] kernel::syscall::handlers::ipc_display: [wm-wait-drain-before] #3 pid=1
[WARN] kernel::syscall::handlers::ipc_display: [wm-wait-drain-after] #3 pid=1 n=-11
[WARN] kernel::syscall::handlers::ipc_display: [wm-wait-xstate-before] #3 pid=1
[WARN] kernel::syscall::handlers::ipc_display: [wm-wait-xstate-after] #3 pid=1
[WARN] kernel::syscall::handlers::ipc_display: [wm-wait-post-save] #3 pid=1 pending=0 baton=false
[WARN] kernel::process: [sched-debug] next_runnable_pid(curr=1) -> Some(2)
[WARN] kernel::syscall::poll: [epoll-block] #31 pid=2 epfd=66 next=4 rip=0x7fffeefa
[WARN] kernel::syscall::poll: [epoll70-enter] #19 pid=4 to=4294967295 rip=0x7fffeefa
[WARN] kernel::syscall::poll: [epoll_fire] #30 pid=4 epfd=70 ready=1
[WARN] kernel::syscall::handlers::fd: [tfd-read] pid=4 tfd=71 count=1
[WARN] kernel::syscall::poll: [epoll70-enter] #20 pid=4 to=4294967295 rip=0x7fffeefa
[WARN] kernel::syscall::poll: [epoll70-empty] #10 pid=4 no-ready
[WARN] kernel::syscall::poll: [epoll-block] #32 pid=4 epfd=70 next=1 rip=0x7fffeefa
[WARN] kernel::syscall::handlers::ipc_display: [wm-wait-block] #4 pid=1 timeout_ms=16 deadline=1700000004715556666 pending=0 input=0 baton_due=false baton_queued=false
[WARN] kernel::syscall::handlers::ipc_display: [wm-wait-drain-before] #4 pid=1
[WARN] kernel::syscall::handlers::ipc_display: [wm-wait-drain-after] #4 pid=1 n=-11
[WARN] kernel::syscall::handlers::ipc_display: [wm-wait-xstate-before] #4 pid=1
[WARN] kernel::syscall::handlers::ipc_display: [wm-wait-xstate-after] #4 pid=1
[WARN] kernel::syscall::handlers::ipc_display: [wm-wait-post-save] #4 pid=1 pending=0 baton=false
[WARN] kernel::process: [sched-debug] next_runnable_pid(curr=1) -> Some(2)
[WARN] kernel::syscall::poll: [epoll_fire] #31 pid=2 epfd=66 ready=1
[WARN] kernel::syscall::handlers::fd: [tfd-read] pid=2 tfd=67 count=1
[WARN] kernel::syscall::poll: [tfd67-arm] #37 pid=2 delta=1000000ns period=1700000003721086000ns orig_exp=true
[WARN] kernel::syscall::poll: [tfd67-arm] #38 pid=2 delta=1000000ns period=1700000003970753333ns orig_exp=true
[WARN] kernel::syscall::poll: [tfd67-arm] #39 pid=2 delta=1000000ns period=1700000003971023000ns orig_exp=true
[WARN] kernel::syscall::poll: [tfd67-arm] #40 pid=2 delta=1000000ns period=1700000003971775000ns orig_exp=true
[WARN] kernel::syscall::poll: [tfd67-arm] #41 pid=2 delta=1000000ns period=1700000004695170333ns orig_exp=true
[WARN] kernel::syscall::poll: [tfd67-arm] #42 pid=2 delta=1000000ns period=1700000003969704333ns orig_exp=true
[WARN] kernel::syscall::poll: [tfd67-arm] #43 pid=2 delta=1000000ns period=1700000003969704333ns orig_exp=true
[WARN] kernel::syscall::posix: [cond-broadcast] #14336 pid=2 cond=0x5d4000048 woke=0
[WARN] kernel::syscall::posix: [cond-broadcast] #16384 pid=2 cond=0x5d4000048 woke=0
[WARN] kernel::syscall::posix: [cond-broadcast-zero-wake] #16384 pid=2 cond=0x5d4000048 skip_bridge=true
[WARN] kernel::syscall::posix: [cond-broadcast] #18432 pid=2 cond=0x5d4000048 woke=0
[embedder] post_task runner=0 task=5 now=17979cff5d53f212 target=17979cff5d52bc2d
[WARN] kernel::syscall::posix: [cond-broadcast] #20480 pid=2 cond=0x5d8000048 woke=0
[WARN] kernel::syscall::posix: [cond-broadcast-zero-wake] #20480 pid=2 cond=0x5d7000048 skip_bridge=true
[embedder] post_task runner=0 task=6 now=17979cff63d15915 target=17979cff63d047a5
[WARN] kernel::syscall::posix: [cond-broadcast] #22528 pid=2 cond=0x5d4000048 woke=0
[embedder] post_task runner=0 task=7 now=17979cff65cfaeea target=17979cff65cdc6a2
[embedder] post_task runner=0 task=8 now=17979cff65e5f758 target=17979cff65e4f6d5
[embedder] post_task runner=0 task=9 now=17979cff65f7c73d target=17979cff65f6c2d2
[embedder] post_task runner=0 task=a now=17979cff660298c5 target=17979cff66013fb8
[embedder] post_task runner=0 task=b now=17979cff673826dd target=17979cff673727a8
[WARN] kernel::syscall::posix: [cond-broadcast] #24576 pid=2 cond=0x5bd000048 woke=0
[WARN] kernel::syscall::posix: [cond-broadcast-zero-wake] #24576 pid=2 cond=0x5bd000048 skip_bridge=true
[WARN] kernel::syscall::posix: [cond-broadcast] #26624 pid=2 cond=0x5d4000048 woke=0
[embedder] post_task runner=0 task=c now=17979cff6c598aba target=17979cff6c58429a
[WARN] kernel::syscall::posix: [cond-broadcast] #28672 pid=2 cond=0x5d4000048 woke=0
[WARN] kernel::syscall::posix: [cond-broadcast-zero-wake] #28672 pid=2 cond=0x5d4000048 skip_bridge=true
[WARN] kernel::syscall::posix: [cond-broadcast] #30720 pid=2 cond=0x5d4000048 woke=0
[embedder] post_task runner=0 task=d now=17979cff741cbc15 target=17979cff741b9482
[embedder] post_task runner=0 task=e now=17979cff7429625d target=17979cff74287a98
[embedder] post_task runner=0 task=f now=17979cff7431e75a target=17979cff74312a8d
[embedder] post_task runner=0 task=10 now=17979cff749f5078 target=17979cff749dff3a
[WARN] kernel::syscall::posix: [cond-broadcast] #32768 pid=2 cond=0x5d4000048 woke=0
[WARN] kernel::syscall::posix: [cond-broadcast-zero-wake] #32768 pid=2 cond=0x5d4000048 skip_bridge=true
[WARN] kernel::syscall::posix: [cond-broadcast] #34816 pid=2 cond=0x5d4000048 woke=0
[WARN] kernel::syscall::posix: [cond-broadcast] #36864 pid=2 cond=0x5bd000048 woke=0
[WARN] kernel::syscall::posix: [cond-broadcast-zero-wake] #36864 pid=2 cond=0x5bd000048 skip_bridge=true
[WARN] kernel::syscall::poll: [tfd67-arm] #44 pid=2 delta=1000000ns period=1700000003970132000ns orig_exp=true
[WARN] kernel::syscall::poll: [tfd67-arm] #45 pid=2 delta=1000000ns period=1700000003970132000ns orig_exp=true
[WARN] kernel::syscall::poll: [tfd67-arm] #46 pid=2 delta=1000000ns period=1700000003970132000ns orig_exp=true
[WARN] kernel::syscall::posix: [cond-broadcast] #38912 pid=2 cond=0x5d4000048 woke=0
[WARN] kernel::syscall::poll: [tfd67-arm] #47 pid=2 delta=1000000ns period=1700000003970132000ns orig_exp=true
[WARN] kernel::syscall::posix: [cond-broadcast] #40960 pid=2 cond=0x5d4000048 woke=0
[WARN] kernel::syscall::posix: [cond-broadcast-zero-wake] #40960 pid=2 cond=0x5d4000048 skip_bridge=true
[WARN] kernel::syscall::posix: [cond-broadcast] #43008 pid=2 cond=0x5d4000048 woke=0
[WARN] kernel::syscall::posix: [cond-broadcast] #45056 pid=2 cond=0x5d4000048 woke=0
[WARN] kernel::syscall::posix: [cond-broadcast-zero-wake] #45056 pid=2 cond=0x5d4000048 skip_bridge=true
[WARN] kernel::syscall::posix: [cond-broadcast] #47104 pid=2 cond=0x5d4000048 woke=0
[WARN] kernel::syscall::posix: [cond-broadcast] #49152 pid=2 cond=0x5d4000048 woke=0
[WARN] kernel::syscall::posix: [cond-broadcast-zero-wake] #49152 pid=2 cond=0x5d4000048 skip_bridge=true
[WARN] kernel::syscall::posix: [cond-broadcast] #51200 pid=2 cond=0x5bd000048 woke=0
[WARN] kernel::syscall::posix: [cond-broadcast] #53248 pid=2 cond=0x5d4000048 woke=0
[WARN] kernel::syscall::posix: [cond-broadcast-zero-wake] #53248 pid=2 cond=0x5d4000048 skip_bridge=true
[WARN] kernel::syscall::posix: [cond-broadcast] #55296 pid=2 cond=0x5d7000048 woke=0
[WARN] kernel::syscall::posix: [cond-broadcast] #57344 pid=2 cond=0x5d4000048 woke=0
[WARN] kernel::syscall::posix: [cond-broadcast-zero-wake] #57344 pid=2 cond=0x5d4000048 skip_bridge=true
[WARN] kernel::syscall::posix: [cond-broadcast] #59392 pid=2 cond=0x5d8000048 woke=0
[WARN] kernel::syscall::posix: [cond-broadcast] #61440 pid=2 cond=0x5d4000048 woke=0
[WARN] kernel::syscall::posix: [cond-broadcast-zero-wake] #61440 pid=2 cond=0x5d4000048 skip_bridge=true
[WARN] kernel::syscall::posix: [cond-broadcast] #63488 pid=2 cond=0x5d4000048 woke=0
[INFO] kernel::wm: [push-vsync] #300 frame=301 baton=0x0
[WARN] kernel::syscall::posix: [cond-broadcast] #65536 pid=2 cond=0x5d4000048 woke=0
[WARN] kernel::syscall::posix: [cond-broadcast-zero-wake] #65536 pid=2 cond=0x5d4000048 skip_bridge=true
[INFO] kernel::process: === Process Table Dump ===
[INFO] kernel::process:   pid=1 state=Running is_thread=false parent_pid=0 rip=0x401ca7 rsp=0x7ffffffefa30 rax=0x323 rdi=0x7ffffffefaf0 rsi=0x20 fs_base=0x7ffffffefdf0 ticks=0
[INFO] kernel::process:   pid=2 state=Running is_thread=true parent_pid=1 rip=0x7fffe00a rsp=0x2d51fa648 rax=0x47b rdi=0x42 rsi=0x2d51fff98 fs_base=0x2d6000000 ticks=0
[INFO] kernel::process:   pid=3 state=Running is_thread=true parent_pid=1 rip=0x7fffeef8 rsp=0x2e31fff88 rax=0x47b rdi=0x44 rsi=0x2e31fff98 fs_base=0x2e4000000 ticks=0
[INFO] kernel::process:   pid=4 state=Running is_thread=true parent_pid=1 rip=0x7fffeef8 rsp=0x2f11fff88 rax=0x47b rdi=0x46 rsi=0x2f11fff98 fs_base=0x2f2000000 ticks=0
[INFO] kernel::process:   pid=5 state=Running is_thread=true parent_pid=1 rip=0x7fffe398 rsp=0x33d00feb8 rax=0x3dd rdi=0x338000070 rsi=0x338000048 fs_base=0x33e000000 ticks=0
[INFO] kernel::process:   pid=6 state=Running is_thread=true parent_pid=1 rip=0x7fffe398 rsp=0x34300feb8 rax=0x3dd rdi=0x338000070 rsi=0x338000048 fs_base=0x344000000 ticks=0
[INFO] kernel::process:   pid=7 state=Running is_thread=true parent_pid=1 rip=0x7fffeef8 rsp=0x3630ffe58 rax=0x47b rdi=0x48 rsi=0x3630ffee0 fs_base=0x364000000 ticks=0
[INFO] kernel::process:   pid=8 state=Running is_thread=true parent_pid=1 rip=0x7fffe3d8 rsp=0x4550ffa68 rax=0x3e1 rdi=0x453000040 rsi=0x39b000018 fs_base=0x456000000 ticks=0
[INFO] kernel::process:   pid=9 state=Running is_thread=true parent_pid=1 rip=0x7fffe3d8 rsp=0x12cf0ffa68 rax=0x3e1 rdi=0x12cd000040 rsi=0x39b000018 fs_base=0x12d0000000 ticks=0
[INFO] kernel::process:   pid=10 state=Running is_thread=true parent_pid=1 rip=0x7fffe3d8 rsp=0x133b0ffa68 rax=0x3e1 rdi=0x1339000040 rsi=0x39b000018 fs_base=0x133c000000 ticks=0
[INFO] kernel::syscall::trace: === Cond Wait States ===
[INFO] kernel::syscall::trace:   pid=5: Waiting { cond: 0x338000070 (val=1), mutex: 0x338000048 (val=0), seq: 1, timeout_ns: 0 }
[INFO] kernel::syscall::trace:   pid=6: Waiting { cond: 0x338000070 (val=1), mutex: 0x338000048 (val=0), seq: 0, timeout_ns: 0 }
[INFO] kernel::syscall::trace:   pid=8: Waiting { cond: 0x453000040 (val=2), mutex: 0x39b000018 (val=0), seq: 0, timeout_ns: 1700000008630925666 }
[INFO] kernel::syscall::trace:   pid=9: Waiting { cond: 0x12cd000040 (val=4), mutex: 0x39b000018 (val=0), seq: 0, timeout_ns: 1700000008970277333 }
[INFO] kernel::syscall::trace:   pid=10: Waiting { cond: 0x1339000040 (val=2), mutex: 0x39b000018 (val=0), seq: 0, timeout_ns: 1700000008978464666 }
[INFO] kernel::process: ==========================
[WARN] kernel::syscall::posix: [cond-broadcast] #67584 pid=2 cond=0x5d7000048 woke=0
[WARN] kernel::syscall::posix: [cond-broadcast] #69632 pid=2 cond=0x5d4000048 woke=0
[WARN] kernel::syscall::posix: [cond-broadcast-zero-wake] #69632 pid=2 cond=0x5d4000048 skip_bridge=true
[WARN] kernel::syscall::posix: [cond-broadcast] #71680 pid=2 cond=0x5d4000048 woke=0
[WARN] kernel::syscall::posix: [cond-broadcast] #73728 pid=2 cond=0x5d4000048 woke=0
[WARN] kernel::syscall::posix: [cond-broadcast-zero-wake] #73728 pid=2 cond=0x5d4000048 skip_bridge=true
[WARN] kernel::syscall::posix: [cond-broadcast] #75776 pid=2 cond=0x5d4000048 woke=0
[WARN] kernel::syscall::posix: [cond-broadcast] #77824 pid=2 cond=0x5d4000048 woke=0
[WARN] kernel::syscall::posix: [cond-broadcast-zero-wake] #77824 pid=2 cond=0x5d4000048 skip_bridge=true
[WARN] kernel::syscall::posix: [cond-broadcast] #79872 pid=2 cond=0x5d4000048 woke=0
[WARN] kernel::syscall::posix: [startup-mutex] acquire #20 pid=2 mutex=0x39b000018 rip=0x7fffe2fa
[WARN] kernel::syscall::posix: [cond-signal] #24 pid=2 cond=0x1339000040 woke=0
[WARN] kernel::syscall::posix: [startup-mutex] unlock #20 pid=2 mutex=0x39b000018 waiter=None rip=0x7fffe30a
[WARN] kernel::syscall::posix: [cond-broadcast] #81920 pid=2 cond=0x5d4000048 woke=0
[WARN] kernel::syscall::posix: [cond-broadcast-zero-wake] #81920 pid=2 cond=0x5d4000048 skip_bridge=true
[WARN] kernel::syscall::posix: [cond-broadcast] #83968 pid=2 cond=0x5d4000048 woke=0
[WARN] kernel::syscall::posix: [cond-broadcast] #86016 pid=2 cond=0x5d4000048 woke=0
[WARN] kernel::syscall::posix: [cond-broadcast-zero-wake] #86016 pid=2 cond=0x5d4000048 skip_bridge=true
[WARN] kernel::syscall::posix: [cond-broadcast] #88064 pid=2 cond=0x5d8000048 woke=0
[WARN] kernel::syscall::posix: [cond-broadcast] #90112 pid=2 cond=0x5d4000048 woke=0
[WARN] kernel::syscall::posix: [cond-broadcast-zero-wake] #90112 pid=2 cond=0x5d4000048 skip_bridge=true
[WARN] kernel::syscall::posix: [cond-broadcast] #92160 pid=2 cond=0x5d7000048 woke=0
[WARN] kernel::syscall::posix: [cond-broadcast] #94208 pid=2 cond=0x5bd000048 woke=0
[WARN] kernel::syscall::posix: [cond-broadcast-zero-wake] #94208 pid=2 cond=0x5d4000048 skip_bridge=true
[WARN] kernel::syscall::posix: [cond-broadcast] #96256 pid=2 cond=0x5bd000048 woke=0
[WARN] kernel::syscall::posix: [cond-broadcast] #98304 pid=2 cond=0x5d4000048 woke=0
[WARN] kernel::syscall::posix: [cond-broadcast-zero-wake] #98304 pid=2 cond=0x5d4000048 skip_bridge=true
[WARN] kernel::syscall::posix: [cond-broadcast] #100352 pid=2 cond=0x5d4000048 woke=0
[WARN] kernel::syscall::posix: [cond-broadcast] #102400 pid=2 cond=0x5d4000048 woke=0
[WARN] kernel::syscall::posix: [cond-broadcast-zero-wake] #102400 pid=2 cond=0x5d8000048 skip_bridge=true
[WARN] kernel::syscall::posix: [cond-broadcast] #104448 pid=2 cond=0x5d4000048 woke=0
[WARN] kernel::syscall::posix: [cond-broadcast] #106496 pid=2 cond=0x5d8000048 woke=0
[WARN] kernel::syscall::posix: [cond-broadcast-zero-wake] #106496 pid=2 cond=0x5d4000048 skip_bridge=true
[embedder] post_task runner=0 task=11 now=17979cffe69e1ff2 target=17979cffe69ca8f2
[WARN] kernel::syscall::posix: [cond-broadcast] #108544 pid=2 cond=0x5d4000048 woke=0
[embedder] post_task runner=0 task=12 now=17979cffe89ee962 target=17979cffe89d9ea8
[WARN] kernel::syscall::posix: [cond-broadcast] #110592 pid=2 cond=0x5d4000048 woke=0
[WARN] kernel::syscall::posix: [cond-broadcast-zero-wake] #110592 pid=2 cond=0x5d4000048 skip_bridge=true
[WARN] kernel::syscall::posix: [cond-broadcast] #112640 pid=2 cond=0x5d4000048 woke=0
[WARN] kernel::syscall::posix: [cond-broadcast] #114688 pid=2 cond=0x5d4000048 woke=0
[WARN] kernel::syscall::posix: [cond-broadcast-zero-wake] #114688 pid=2 cond=0x5d4000048 skip_bridge=true
[WARN] kernel::syscall::posix: [cond-broadcast] #116736 pid=2 cond=0x5d8000048 woke=0
[WARN] kernel::syscall::posix: [cond-broadcast] #118784 pid=2 cond=0x5d4000048 woke=0
[WARN] kernel::syscall::posix: [cond-broadcast-zero-wake] #118784 pid=2 cond=0x5d4000048 skip_bridge=true
[WARN] kernel::syscall::posix: [cond-broadcast] #120832 pid=2 cond=0x5d4000048 woke=0
[WARN] kernel::syscall::handlers::fd: [tfd-read] pid=3 tfd=69 count=8555
[WARN] kernel::syscall::poll: [epoll-block] #33 pid=3 epfd=68 next=4 rip=0x7fffeefa
[WARN] kernel::syscall::poll: [epoll70-enter] #21 pid=4 to=4294967295 rip=0x7fffeefa
[WARN] kernel::syscall::handlers::fd: [tfd-read] pid=4 tfd=71 count=8555
[WARN] kernel::syscall::poll: [epoll70-enter] #22 pid=4 to=4294967295 rip=0x7fffeefa
[WARN] kernel::syscall::poll: [epoll70-empty] #11 pid=4 no-ready
[WARN] kernel::syscall::poll: [epoll-block] #34 pid=4 epfd=70 next=7 rip=0x7fffeefa
[WARN] kernel::syscall::poll: [epoll72-enter] #10 pid=7 epfd=72 max=16 to=4294967295 watched=[(4, 1, 0), (73, 1, 73)]
[WARN] kernel::syscall::poll: [epoll72-ready-fast] #5 pid=7 epfd=72 ready=1 ev=0x1 data=0x49
[WARN] kernel::syscall::handlers::fd: [tfd-read] pid=7 tfd=73 count=8555
[WARN] kernel::syscall::poll: [epoll72-enter] #11 pid=7 epfd=72 max=16 to=4294967295 watched=[(4, 1, 0), (73, 1, 73)]
[WARN] kernel::syscall::poll: [epoll-block] #35 pid=7 epfd=72 next=1 rip=0x7fffeefa
[WARN] kernel::wm: [pop] #11 consumer_pid=1 returned_kind=1 b=0 qlen=0 ptr_in_q=0
[WARN] kernel::syscall::handlers::ipc_display: [wm-event-wait-ret] #11 pid=1 eagain-platform=-11
[INFO] kernel::syscall::handlers::engine: [platform-recv] #11 pid=1 req_buf_len=512 wrote=0
[embedder] schedule_frame begin idle
[WARN] kernel::syscall::poll: [tfd67-arm] #48 pid=1 delta=1000000ns period=1700000004503908000ns orig_exp=true
[embedder] schedule_frame end idle rc=0
[embedder] run_task runner=0 task=5 now=17979cfffb1df690
[embedder] run_task runner=0 task=6 now=17979cfffb1df690
[embedder/pfm] ch=flutter/keyboard sz=19
[WARN] kernel::syscall::poll: [tfd67-arm] #49 pid=1 delta=1000000ns period=1700000004503908000ns orig_exp=true
[embedder] run_task runner=0 task=7 now=17979cfffb1df690
[embedder] run_task runner=0 task=8 now=17979cfffb1df690
[embedder] run_task runner=0 task=9 now=17979cfffb1df690
[embedder] run_task runner=0 task=a now=17979cfffb1df690
[embedder] run_task runner=0 task=b now=17979cfffb1df690
[embedder] run_task runner=0 task=c now=17979cfffb1df690
[embedder/pfm] ch=flutter/platform sz=54
[WARN] kernel::syscall::poll: [tfd67-arm] #50 pid=1 delta=1000000ns period=1700000004503908000ns orig_exp=true
[embedder] run_task runner=0 task=d now=17979cfffb1df690
[embedder] run_task runner=0 task=e now=17979cfffb1df690
[embedder] run_task runner=0 task=f now=17979cfffb1df690
[embedder] run_task runner=0 task=10 now=17979cfffb1df690
[embedder] run_task runner=0 task=11 now=17979cfffb1df690
[embedder] run_task runner=0 task=12 now=17979cfffb1df690
[embedder/pfm] ch=flutter/platform sz=105
[WARN] kernel::syscall::poll: [tfd67-arm] #51 pid=1 delta=1000000ns period=1700000004503908000ns orig_exp=true
[embedder] schedule_frame begin startup
[WARN] kernel::syscall::poll: [tfd67-arm] #52 pid=1 delta=1000000ns period=1700000004503908000ns orig_exp=true
[embedder] schedule_frame end startup rc=0
[WARN] kernel::syscall::poll: [tfd67-arm] #53 pid=1 delta=1000000ns period=1700000004503908000ns orig_exp=true
[WARN] kernel::wm: [pop] #12 consumer_pid=1 returned_kind=1 b=0 qlen=0 ptr_in_q=0
[WARN] kernel::syscall::handlers::ipc_display: [wm-event-wait-ret] #12 pid=1 event=32
[INFO] kernel::syscall::handlers::engine: [platform-recv] #12 pid=1 req_buf_len=512 wrote=0
[embedder] schedule_frame begin vsync0
[WARN] kernel::syscall::poll: [tfd67-arm] #54 pid=1 delta=1000000ns period=1700000004503908000ns orig_exp=true
[embedder] schedule_frame end vsync0 rc=0
[WARN] kernel::syscall::handlers::ipc_display: [wm-wait-block] #5 pid=1 timeout_ms=16 deadline=1700000007617816333 pending=0 input=0 baton_due=false baton_queued=false
[WARN] kernel::syscall::handlers::ipc_display: [wm-wait-drain-before] #5 pid=1
[WARN] kernel::syscall::handlers::ipc_display: [wm-wait-drain-after] #5 pid=1 n=-11
[WARN] kernel::syscall::handlers::ipc_display: [wm-wait-xstate-before] #5 pid=1
[WARN] kernel::syscall::handlers::ipc_display: [wm-wait-xstate-after] #5 pid=1
[WARN] kernel::syscall::handlers::ipc_display: [wm-wait-post-save] #5 pid=1 pending=0 baton=false
[WARN] kernel::process: [sched-debug] next_runnable_pid(curr=1) -> Some(5)
[WARN] kernel::syscall::handlers::ipc_display: [wm-wait-block] #6 pid=1 timeout_ms=16 deadline=1700000007617816333 pending=0 input=0 baton_due=false baton_queued=false
[WARN] kernel::syscall::handlers::ipc_display: [wm-wait-drain-before] #6 pid=1
[WARN] kernel::syscall::handlers::ipc_display: [wm-wait-drain-after] #6 pid=1 n=-11
[WARN] kernel::syscall::handlers::ipc_display: [wm-wait-xstate-before] #6 pid=1
[WARN] kernel::syscall::handlers::ipc_display: [wm-wait-xstate-after] #6 pid=1
[WARN] kernel::syscall::handlers::ipc_display: [wm-wait-post-save] #6 pid=1 pending=0 baton=false
[WARN] kernel::process: [sched-debug] next_runnable_pid(curr=1) -> Some(6)
[DEBUG] kernel::syscall::dispatch: [pthread_getattr_np] tid=6 base=0x343000000 size=0x10000
[DEBUG] kernel::syscall::posix: [pthread_attr_getstack] tid=6 base=0x343000000 size=0x10000
[WARN] kernel::syscall::handlers::ipc_display: [wm-wait-block] #7 pid=1 timeout_ms=16 deadline=1700000007617816333 pending=0 input=0 baton_due=false baton_queued=false
[WARN] kernel::syscall::handlers::ipc_display: [wm-wait-drain-before] #7 pid=1
[WARN] kernel::syscall::handlers::ipc_display: [wm-wait-drain-after] #7 pid=1 n=-11
[WARN] kernel::syscall::handlers::ipc_display: [wm-wait-xstate-before] #7 pid=1
[WARN] kernel::syscall::handlers::ipc_display: [wm-wait-xstate-after] #7 pid=1
[WARN] kernel::syscall::handlers::ipc_display: [wm-wait-post-save] #7 pid=1 pending=0 baton=false
[WARN] kernel::process: [sched-debug] next_runnable_pid(curr=1) -> Some(8)
[WARN] kernel::process: [enter-user-89] #3 pid=8 rip=0x7fffe3d8 rsp=0x4550ffa68 fs=0x456000000 preempted=false errno=0
[WARN] kernel::syscall::posix: [timedwait] #3 pid=8 cond=0x453000040 mutex=0x39b000018 timeout_ns=1700000008630925666 now=1700000007604014000
[WARN] kernel::syscall::posix: [startup-mutex] unlock #21 pid=8 mutex=0x39b000018 waiter=None rip=0x7fffe30a
[WARN] kernel::syscall::posix: [startup-mutex] acquire #21 pid=8 mutex=0x39b000018 rip=0x7fffe2fa
[INFO] kernel::syscall::handlers::futex: [cond-bridge-sib] #4 cond=0x1339000040 -> futex=0x5e30003b8 wake_count=1 bridged=1
[WARN] kernel::syscall::posix: [cond-signal-bridged] #1 pid=8 cond=0x1339000040 woke=0 bridged=1
[WARN] kernel::syscall::posix: [cond-signal] #25 pid=8 cond=0x1339000040 woke=0
[WARN] kernel::syscall::posix: [startup-mutex] unlock #22 pid=8 mutex=0x39b000018 waiter=None rip=0x7fffe30a
[WARN] kernel::syscall::handlers::ipc_display: [wm-wait-block] #8 pid=1 timeout_ms=16 deadline=1700000007617816333 pending=0 input=0 baton_due=false baton_queued=false
[WARN] kernel::syscall::handlers::ipc_display: [wm-wait-drain-before] #8 pid=1
[WARN] kernel::syscall::handlers::ipc_display: [wm-wait-drain-after] #8 pid=1 n=-11
[WARN] kernel::syscall::handlers::ipc_display: [wm-wait-xstate-before] #8 pid=1
[WARN] kernel::syscall::handlers::ipc_display: [wm-wait-xstate-after] #8 pid=1
[WARN] kernel::syscall::handlers::ipc_display: [wm-wait-post-save] #8 pid=1 pending=0 baton=false
[WARN] kernel::process: [sched-debug] next_runnable_pid(curr=1) -> Some(9)
[WARN] kernel::process: [enter-user-89] #4 pid=9 rip=0x7fffe3d8 rsp=0x12cf0ffa68 fs=0x12d0000000 preempted=false errno=0
[WARN] kernel::syscall::posix: [timedwait] #4 pid=9 cond=0x12cd000040 mutex=0x39b000018 timeout_ns=1700000008970277333 now=1700000007605603000
[WARN] kernel::syscall::posix: [startup-mutex] unlock #23 pid=9 mutex=0x39b000018 waiter=None rip=0x7fffe30a
[WARN] kernel::syscall::posix: [startup-mutex] acquire #22 pid=9 mutex=0x39b000018 rip=0x7fffe2fa
[INFO] kernel::syscall::handlers::futex: [cond-bridge-sib] #5 cond=0x1339000040 -> futex=0x5e30003b8 wake_count=1 bridged=1
[WARN] kernel::syscall::posix: [cond-signal-bridged] #2 pid=9 cond=0x1339000040 woke=0 bridged=1
[WARN] kernel::syscall::posix: [cond-signal] #26 pid=9 cond=0x1339000040 woke=0
[WARN] kernel::syscall::posix: [startup-mutex] unlock #24 pid=9 mutex=0x39b000018 waiter=None rip=0x7fffe30a
[INFO] kernel::syscall::handlers::futex: [cond-bridge-sib] #6 cond=0x136e000070 -> futex=0x5e30003b8 wake_count=1 bridged=1
[WARN] kernel::syscall::posix: [cond-signal-bridged] #3 pid=9 cond=0x136e000070 woke=0 bridged=1
[WARN] kernel::syscall::posix: [cond-signal] #27 pid=9 cond=0x136e000070 woke=0
[WARN] kernel::syscall::handlers::ipc_display: [wm-wait-block] #9 pid=1 timeout_ms=16 deadline=1700000007617816333 pending=0 input=0 baton_due=false baton_queued=false
[WARN] kernel::syscall::handlers::ipc_display: [wm-wait-drain-before] #9 pid=1
[WARN] kernel::syscall::handlers::ipc_display: [wm-wait-drain-after] #9 pid=1 n=-11
[WARN] kernel::syscall::handlers::ipc_display: [wm-wait-xstate-before] #9 pid=1
[WARN] kernel::syscall::handlers::ipc_display: [wm-wait-xstate-after] #9 pid=1
[WARN] kernel::syscall::handlers::ipc_display: [wm-wait-post-save] #9 pid=1 pending=0 baton=false
[WARN] kernel::process: [sched-debug] next_runnable_pid(curr=1) -> Some(2)
[WARN] kernel::syscall::posix: [startup-mutex] acquire #23 pid=2 mutex=0x39b000018 rip=0x7fffe2fa
[WARN] kernel::syscall::posix: [startup-mutex] unlock #25 pid=2 mutex=0x39b000018 waiter=None rip=0x7fffe30a
[WARN] kernel::process: [spawn_thread] alloc stack_va=0xb3cf000000 pages=256
[WARN] kernel::process: [spawn_thread] tid=11 tls_va=0xb3d0000000 arg=0xb3ce000010
[INFO] kernel::process: [Process] Thread tid=11 spawned in pid=1 entry=0x338ed10 tls=0xb3d0000000
[WARN] kernel::syscall::handlers::futex: [thread-create] spawned child=11 entry=0x338ed10
[DEBUG] kernel::syscall::dispatch: [pthread_getattr_np] tid=11 base=0xb3cf000000 size=0x100000
[DEBUG] kernel::syscall::posix: [pthread_attr_getstack] tid=11 base=0xb3cf000000 size=0x100000
[WARN] kernel::syscall::posix: [startup-mutex] acquire #24 pid=11 mutex=0x39b000018 rip=0x7fffe2fa
[INFO] kernel::syscall::handlers::futex: [cond-bridge-sib] #7 cond=0x1339000040 -> futex=0x5e30003b8 wake_count=1 bridged=1
[WARN] kernel::syscall::posix: [cond-signal-bridged] #4 pid=11 cond=0x1339000040 woke=0 bridged=1
[WARN] kernel::syscall::posix: [cond-signal] #28 pid=11 cond=0x1339000040 woke=0
[WARN] kernel::syscall::posix: [startup-mutex] unlock #26 pid=11 mutex=0x39b000018 waiter=None rip=0x7fffe30a
[WARN] kernel::wm: [pop] #13 consumer_pid=1 returned_kind=1 b=0 qlen=0 ptr_in_q=0
[WARN] kernel::syscall::handlers::ipc_display: [wm-event-wait-ret] #13 pid=1 eagain-platform=-11
[INFO] kernel::syscall::handlers::engine: [platform-recv] #13 pid=1 req_buf_len=512 wrote=0
[embedder] schedule_frame begin idle
[WARN] kernel::syscall::poll: [tfd67-arm] #55 pid=1 delta=1000000ns period=1700000004503908000ns orig_exp=true
[embedder] schedule_frame end idle rc=0
[WARN] kernel::wm: [pop] #14 consumer_pid=1 returned_kind=1 b=0 qlen=0 ptr_in_q=0
[WARN] kernel::syscall::handlers::ipc_display: [wm-event-wait-ret] #14 pid=1 event=32
[INFO] kernel::syscall::handlers::engine: [platform-recv] #14 pid=1 req_buf_len=512 wrote=0
[WARN] kernel::syscall::handlers::ipc_display: [wm-wait-block] #10 pid=1 timeout_ms=16 deadline=1700000007625891333 pending=0 input=0 baton_due=false baton_queued=false
[WARN] kernel::syscall::handlers::ipc_display: [wm-wait-drain-before] #10 pid=1
[WARN] kernel::syscall::handlers::ipc_display: [wm-wait-drain-after] #10 pid=1 n=-11
[WARN] kernel::syscall::handlers::ipc_display: [wm-wait-xstate-before] #10 pid=1
[WARN] kernel::syscall::handlers::ipc_display: [wm-wait-xstate-after] #10 pid=1
[WARN] kernel::syscall::handlers::ipc_display: [wm-wait-post-save] #10 pid=1 pending=0 baton=false
[WARN] kernel::process: [sched-debug] next_runnable_pid(curr=1) -> Some(2)
[INFO] kernel::syscall::handlers::futex: [cond-bridge-sib] #8 cond=0x5c5000060 -> futex=0x5c0000040 wake_count=1 bridged=1
[WARN] kernel::syscall::posix: [cond-signal-bridged] #5 pid=2 cond=0x5c5000060 woke=0 bridged=1
[WARN] kernel::syscall::posix: [cond-signal] #29 pid=2 cond=0x5c5000060 woke=0
[WARN] kernel::syscall::posix: [cond-signal] #30 pid=2 cond=0x136e0000f0 woke=0
[WARN] kernel::syscall::posix: [cond-signal] #31 pid=2 cond=0x136e000070 woke=0
[WARN] kernel::syscall::posix: [cond-signal] #32 pid=2 cond=0x136e0001f0 woke=0
[WARN] kernel::syscall::handlers::futex: [futex-target-wake] #2 caller=2 addr=0x338000070 waking_pid=5
[WARN] kernel::syscall::handlers::futex: [futex-target-wake] #2 caller=2 addr=0x338000070 waking_pid=6
[WARN] kernel::syscall::handlers::futex: [engine-bcast-storm] #1 pid=2 cond=0x5d4000048 storm_wakes=2
[WARN] kernel::syscall::posix: [cond-broadcast] #122880 pid=2 cond=0x5d4000048 woke=0
[WARN] kernel::syscall::posix: [cond-broadcast-zero-wake] #122880 pid=2 cond=0x5d7000048 skip_bridge=true
[WARN] kernel::syscall::posix: [cond-broadcast] #124928 pid=2 cond=0x5d7000048 woke=0
[WARN] kernel::syscall::posix: [cond-broadcast] #126976 pid=2 cond=0x5d7000048 woke=0
[WARN] kernel::syscall::posix: [cond-broadcast-zero-wake] #126976 pid=2 cond=0x5d4000048 skip_bridge=true
[WARN] kernel::syscall::posix: [cond-broadcast] #129024 pid=2 cond=0x5d4000048 woke=0
[embedder] post_task runner=0 task=13 now=17979d0009239e62 target=17979d0009226db2
[WARN] kernel::syscall::posix: [cond-broadcast] #131072 pid=2 cond=0x5d4000048 woke=0
[WARN] kernel::syscall::posix: [cond-broadcast-zero-wake] #131072 pid=2 cond=0x5d4000048 skip_bridge=true
[WARN] kernel::syscall::posix: [cond-broadcast] #133120 pid=2 cond=0x5bd000048 woke=0
[WARN] kernel::syscall::posix: [cond-broadcast] #135168 pid=2 cond=0x5d4000048 woke=0
[WARN] kernel::syscall::posix: [cond-broadcast-zero-wake] #135168 pid=2 cond=0x5d4000048 skip_bridge=true
[WARN] kernel::syscall::posix: [cond-broadcast] #137216 pid=2 cond=0x5d9000040 woke=0
[WARN] kernel::syscall::posix: [cond-broadcast] #139264 pid=2 cond=0x5d4000048 woke=0
[WARN] kernel::syscall::posix: [cond-broadcast-zero-wake] #139264 pid=2 cond=0x5d8000048 skip_bridge=true
[WARN] kernel::syscall::posix: [cond-broadcast] #141312 pid=2 cond=0x5d4000048 woke=0
[WARN] kernel::syscall::posix: [cond-broadcast] #143360 pid=2 cond=0x5d7000048 woke=0
[WARN] kernel::syscall::posix: [cond-broadcast-zero-wake] #143360 pid=2 cond=0x5bd000048 skip_bridge=true
[WARN] kernel::syscall::posix: [cond-broadcast] #145408 pid=2 cond=0x5d4000048 woke=0
[embedder] post_task runner=0 task=14 now=17979d0023a83fb5 target=17979d0023a6fa30
[WARN] kernel::syscall::posix: [cond-broadcast] #147456 pid=2 cond=0x5d7000048 woke=0
[WARN] kernel::syscall::posix: [cond-broadcast-zero-wake] #147456 pid=2 cond=0x5d4000048 skip_bridge=true
[WARN] kernel::syscall::posix: [cond-broadcast] #149504 pid=2 cond=0x5d8000048 woke=0
[WARN] kernel::syscall::posix: [cond-broadcast] #151552 pid=2 cond=0x5d4000048 woke=0
[WARN] kernel::syscall::posix: [cond-broadcast-zero-wake] #151552 pid=2 cond=0x5d4000048 skip_bridge=true
[WARN] kernel::syscall::posix: [cond-broadcast] #153600 pid=2 cond=0x5d8000048 woke=0
[WARN] kernel::syscall::posix: [cond-broadcast] #155648 pid=2 cond=0x5d4000048 woke=0
[WARN] kernel::syscall::posix: [cond-broadcast-zero-wake] #155648 pid=2 cond=0x5d4000048 skip_bridge=true
[WARN] kernel::syscall::posix: [cond-broadcast] #157696 pid=2 cond=0x5d4000048 woke=0
[WARN] kernel::syscall::posix: [cond-broadcast] #159744 pid=2 cond=0x5d4000048 woke=0
[WARN] kernel::syscall::posix: [cond-broadcast-zero-wake] #159744 pid=2 cond=0x5d4000048 skip_bridge=true
[WARN] kernel::syscall::posix: [cond-broadcast] #161792 pid=2 cond=0x5d4000048 woke=0
[WARN] kernel::syscall::posix: [cond-broadcast] #163840 pid=2 cond=0x5d4000048 woke=0
[WARN] kernel::syscall::posix: [cond-broadcast-zero-wake] #163840 pid=2 cond=0x5d4000048 skip_bridge=true
[WARN] kernel::syscall::posix: [cond-broadcast] #165888 pid=2 cond=0x5d4000048 woke=0
[WARN] kernel::syscall::posix: [cond-broadcast] #167936 pid=2 cond=0x5d4000048 woke=0
[WARN] kernel::syscall::posix: [cond-broadcast-zero-wake] #167936 pid=2 cond=0x5d7000048 skip_bridge=true
[WARN] kernel::syscall::posix: [cond-broadcast] #169984 pid=2 cond=0x5d8000048 woke=0
[INFO] kernel::wm: [push-vsync] #600 frame=601 baton=0x0
[WARN] kernel::syscall::posix: [cond-broadcast] #172032 pid=2 cond=0x5d7000048 woke=0
[WARN] kernel::syscall::posix: [cond-broadcast-zero-wake] #172032 pid=2 cond=0x5bd000048 skip_bridge=true
[WARN] kernel::syscall::posix: [cond-broadcast] #174080 pid=2 cond=0x5d7000048 woke=0
[embedder] post_task runner=0 task=15 now=17979d004832737d target=17979d0048310300
[WARN] kernel::syscall::posix: [cond-broadcast] #176128 pid=2 cond=0x5d4000048 woke=0
[WARN] kernel::syscall::posix: [cond-broadcast-zero-wake] #176128 pid=2 cond=0x5d4000048 skip_bridge=true
[WARN] kernel::syscall::posix: [cond-broadcast] #178176 pid=2 cond=0x5d4000048 woke=0
[INFO] kernel::process: === Process Table Dump ===
[INFO] kernel::process:   pid=1 state=Running is_thread=false parent_pid=0 rip=0x401ca7 rsp=0x7ffffffefa30 rax=0x323 rdi=0x7ffffffefaf0 rsi=0x20 fs_base=0x7ffffffefdf0 ticks=0
[INFO] kernel::process:   pid=2 state=Running is_thread=true parent_pid=1 rip=0x7fffe59a rsp=0x2d51eaa38 rax=0x0 rdi=0x2d51f30f8 rsi=0x2d51f3100 fs_base=0x2d6000000 ticks=0
[INFO] kernel::process:   pid=3 state=Running is_thread=true parent_pid=1 rip=0x7fffeef8 rsp=0x2e31fff88 rax=0x47b rdi=0x44 rsi=0x2e31fff98 fs_base=0x2e4000000 ticks=0
[INFO] kernel::process:   pid=4 state=Running is_thread=true parent_pid=1 rip=0x7fffeef8 rsp=0x2f11fff88 rax=0x47b rdi=0x46 rsi=0x2f11fff98 fs_base=0x2f2000000 ticks=0
[INFO] kernel::process:   pid=5 state=Running is_thread=true parent_pid=1 rip=0x7fffe398 rsp=0x33d00feb8 rax=0x3dd rdi=0x338000070 rsi=0x338000048 fs_base=0x33e000000 ticks=0
[INFO] kernel::process:   pid=6 state=Running is_thread=true parent_pid=1 rip=0x7fffe398 rsp=0x34300feb8 rax=0x3dd rdi=0x338000070 rsi=0x338000048 fs_base=0x344000000 ticks=0
[INFO] kernel::process:   pid=7 state=Running is_thread=true parent_pid=1 rip=0x7fffeef8 rsp=0x3630ffe58 rax=0x47b rdi=0x48 rsi=0x3630ffee0 fs_base=0x364000000 ticks=0
[INFO] kernel::process:   pid=8 state=Running is_thread=true parent_pid=1 rip=0x7fffe398 rsp=0x4550ff908 rax=0x3dd rdi=0x5e30003b8 rsi=0x5e3000388 fs_base=0x456000000 ticks=0
[INFO] kernel::process:   pid=9 state=Running is_thread=true parent_pid=1 rip=0x7fffe398 rsp=0x12cf0ff908 rax=0x3dd rdi=0x5e30003b8 rsi=0x5e3000388 fs_base=0x12d0000000 ticks=0
[INFO] kernel::process:   pid=10 state=Running is_thread=true parent_pid=1 rip=0x7fffe3d8 rsp=0x133b0ffa68 rax=0x3e1 rdi=0x1339000040 rsi=0x39b000018 fs_base=0x133c000000 ticks=0
[INFO] kernel::process:   pid=11 state=Running is_thread=true parent_pid=1 rip=0x7fffe398 rsp=0xb3cf0ff4a8 rax=0x3dd rdi=0x5c0000040 rsi=0x5c0000010 fs_base=0xb3d0000000 ticks=0
[INFO] kernel::syscall::trace: === Cond Wait States ===
[INFO] kernel::syscall::trace:   pid=5: Waiting { cond: 0x338000070 (val=1), mutex: 0x338000048 (val=0), seq: 1, timeout_ns: 0 }
[INFO] kernel::syscall::trace:   pid=6: Waiting { cond: 0x338000070 (val=1), mutex: 0x338000048 (val=0), seq: 1, timeout_ns: 0 }
[INFO] kernel::syscall::trace:   pid=8: Waiting { cond: 0x5e30003b8 (val=10), mutex: 0x5e3000388 (val=0), seq: 8, timeout_ns: 0 }
[INFO] kernel::syscall::trace:   pid=9: Waiting { cond: 0x5e30003b8 (val=10), mutex: 0x5e3000388 (val=0), seq: 9, timeout_ns: 0 }
[INFO] kernel::syscall::trace:   pid=10: Waiting { cond: 0x1339000040 (val=6), mutex: 0x39b000018 (val=0), seq: 0, timeout_ns: 1700000008978464666 }
[INFO] kernel::syscall::trace:   pid=11: Waiting { cond: 0x5c0000040 (val=15), mutex: 0x5c0000010 (val=0), seq: 13, timeout_ns: 0 }
[INFO] kernel::process: ==========================
[WARN] kernel::syscall::posix: [cond-broadcast] #180224 pid=2 cond=0x5bd000048 woke=0
[WARN] kernel::syscall::posix: [cond-broadcast-zero-wake] #180224 pid=2 cond=0x5d4000048 skip_bridge=true
[WARN] kernel::syscall::posix: [cond-broadcast] #182272 pid=2 cond=0x5d4000048 woke=0
[WARN] kernel::syscall::posix: [cond-broadcast] #184320 pid=2 cond=0x5d9000040 woke=0
[WARN] kernel::syscall::posix: [cond-broadcast-zero-wake] #184320 pid=2 cond=0x5d8000048 skip_bridge=true
[WARN] kernel::syscall::posix: [cond-broadcast] #186368 pid=2 cond=0x5d4000048 woke=0
[WARN] kernel::syscall::posix: [cond-broadcast] #188416 pid=2 cond=0x5bd000048 woke=0
[WARN] kernel::syscall::posix: [cond-broadcast-zero-wake] #188416 pid=2 cond=0x5bd000048 skip_bridge=true
[WARN] kernel::syscall::posix: [cond-broadcast] #190464 pid=2 cond=0x5d4000048 woke=0
[WARN] kernel::syscall::posix: [cond-broadcast] #192512 pid=2 cond=0x5d4000048 woke=0
[WARN] kernel::syscall::posix: [cond-broadcast-zero-wake] #192512 pid=2 cond=0x5d4000048 skip_bridge=true
[WARN] kernel::syscall::posix: [cond-broadcast] #194560 pid=2 cond=0x5d4000048 woke=0
[WARN] kernel::syscall::posix: [cond-broadcast] #196608 pid=2 cond=0x5d4000048 woke=0
[WARN] kernel::syscall::posix: [cond-broadcast-zero-wake] #196608 pid=2 cond=0x5d4000048 skip_bridge=true
[WARN] kernel::syscall::posix: [cond-broadcast] #198656 pid=2 cond=0x5d4000048 woke=0
[WARN] kernel::syscall::posix: [cond-broadcast] #200704 pid=2 cond=0x5d4000048 woke=0
[WARN] kernel::syscall::posix: [cond-broadcast-zero-wake] #200704 pid=2 cond=0x5d8000048 skip_bridge=true
[WARN] kernel::syscall::posix: [cond-broadcast] #202752 pid=2 cond=0x5d4000048 woke=0
[WARN] kernel::syscall::posix: [cond-broadcast] #204800 pid=2 cond=0x5d8000048 woke=0
[WARN] kernel::syscall::posix: [cond-broadcast-zero-wake] #204800 pid=2 cond=0x5d7000048 skip_bridge=true
[WARN] kernel::syscall::posix: [cond-broadcast] #206848 pid=2 cond=0x5d4000048 woke=0
[WARN] kernel::syscall::posix: [cond-broadcast] #208896 pid=2 cond=0x5d9000040 woke=0
[WARN] kernel::syscall::posix: [cond-broadcast-zero-wake] #208896 pid=2 cond=0x5d8000048 skip_bridge=true
[WARN] kernel::syscall::posix: [cond-broadcast] #210944 pid=2 cond=0x5d4000048 woke=0
[WARN] kernel::syscall::posix: [cond-broadcast] #212992 pid=2 cond=0x5d4000048 woke=0
[WARN] kernel::syscall::posix: [cond-broadcast-zero-wake] #212992 pid=2 cond=0x5d9000040 skip_bridge=true
[WARN] kernel::syscall::posix: [cond-broadcast] #215040 pid=2 cond=0x5d7000048 woke=0
[WARN] kernel::syscall::posix: [startup-mutex] acquire #25 pid=2 mutex=0x39b000018 rip=0x7fffe2fa
[WARN] kernel::syscall::posix: [startup-mutex] unlock #27 pid=2 mutex=0x39b000018 waiter=None rip=0x7fffe30a
[WARN] kernel::process: [spawn_thread] alloc stack_va=0x10edf000000 pages=256
[WARN] kernel::process: [spawn_thread] tid=12 tls_va=0x10ee0000000 arg=0x10ede000010
[INFO] kernel::process: [Process] Thread tid=12 spawned in pid=1 entry=0x338ed10 tls=0x10ee0000000
[WARN] kernel::syscall::handlers::futex: [thread-create] spawned child=12 entry=0x338ed10
[DEBUG] kernel::syscall::dispatch: [pthread_getattr_np] tid=12 base=0x10edf000000 size=0x100000
[DEBUG] kernel::syscall::posix: [pthread_attr_getstack] tid=12 base=0x10edf000000 size=0x100000
[WARN] kernel::syscall::posix: [startup-mutex] acquire #26 pid=12 mutex=0x39b000018 rip=0x7fffe2fa
[WARN] kernel::syscall::posix: [cond-signal] #33 pid=12 cond=0x1339000040 woke=0
[WARN] kernel::syscall::posix: [startup-mutex] unlock #28 pid=12 mutex=0x39b000018 waiter=None rip=0x7fffe30a
[WARN] kernel::syscall::posix: [startup-mutex] acquire #27 pid=12 mutex=0x39b000018 rip=0x7fffe2fa
[WARN] kernel::syscall::posix: [startup-mutex] unlock #29 pid=12 mutex=0x39b000018 waiter=None rip=0x7fffe30a
[WARN] kernel::syscall::posix: [cond-signal] #34 pid=12 cond=0x5e3000080 woke=0
[WARN] kernel::syscall::posix: [cond-signal] #35 pid=12 cond=0x136e000070 woke=0
[WARN] kernel::syscall::posix: [cond-signal] #36 pid=12 cond=0x5e3000080 woke=0
[WARN] kernel::syscall::posix: [cond-signal] #37 pid=12 cond=0x5e3000080 woke=0
[WARN] kernel::wm: [pop] #15 consumer_pid=1 returned_kind=1 b=0 qlen=0 ptr_in_q=0
[WARN] kernel::syscall::handlers::ipc_display: [wm-event-wait-ret] #15 pid=1 eagain-platform=-11
[INFO] kernel::syscall::handlers::engine: [platform-recv] #15 pid=1 req_buf_len=512 wrote=0
[embedder] schedule_frame begin idle
[WARN] kernel::syscall::poll: [tfd67-arm] #56 pid=1 delta=1000000ns period=1700000004503908000ns orig_exp=true
[embedder] schedule_frame end idle rc=0
[embedder] run_task runner=0 task=13 now=17979d008a9fbda8
[embedder/pfm] ch=flutter/navigation sz=49
[WARN] kernel::syscall::poll: [tfd67-arm] #57 pid=1 delta=1000000ns period=1700000004503908000ns orig_exp=true
[embedder] run_task runner=0 task=14 now=17979d008a9fbda8
[embedder/pfm] ch=flutter/navigation sz=84
[WARN] kernel::syscall::poll: [tfd67-arm] #58 pid=1 delta=1000000ns period=1700000004503908000ns orig_exp=true
[embedder] run_task runner=0 task=15 now=17979d008a9fbda8
[embedder/pfm] ch=oscortex/shell sz=4
[embedder/shell] platform message
[embedder/shell] dispatch reply len=11
[WARN] kernel::syscall::poll: [tfd67-arm] #59 pid=1 delta=1000000ns period=1700000004503908000ns orig_exp=true
[embedder] schedule_frame begin startup
[WARN] kernel::syscall::poll: [tfd67-arm] #60 pid=1 delta=1000000ns period=1700000004503908000ns orig_exp=true
[embedder] schedule_frame end startup rc=0
[WARN] kernel::syscall::poll: [tfd67-arm] #61 pid=1 delta=1000000ns period=1700000004503908000ns orig_exp=true
[WARN] kernel::wm: [pop] #16 consumer_pid=1 returned_kind=1 b=0 qlen=0 ptr_in_q=0
[WARN] kernel::syscall::handlers::ipc_display: [wm-event-wait-ret] #16 pid=1 event=32
[embedder] schedule_frame begin vsync0
[WARN] kernel::syscall::poll: [tfd67-arm] #62 pid=1 delta=1000000ns period=1700000004503908000ns orig_exp=true
[embedder] schedule_frame end vsync0 rc=0
[WARN] kernel::syscall::handlers::ipc_display: [wm-wait-block] #11 pid=1 timeout_ms=16 deadline=1700000010024545000 pending=0 input=0 baton_due=false baton_queued=false
[WARN] kernel::syscall::handlers::ipc_display: [wm-wait-drain-before] #11 pid=1
[WARN] kernel::syscall::handlers::ipc_display: [wm-wait-drain-after] #11 pid=1 n=-11
[WARN] kernel::syscall::handlers::ipc_display: [wm-wait-xstate-before] #11 pid=1
[WARN] kernel::syscall::handlers::ipc_display: [wm-wait-xstate-after] #11 pid=1
[WARN] kernel::syscall::handlers::ipc_display: [wm-wait-post-save] #11 pid=1 pending=0 baton=false
[WARN] kernel::process: [sched-debug] next_runnable_pid(curr=1) -> Some(2)
[WARN] kernel::syscall::handlers::fd: [tfd-read] pid=3 tfd=69 count=7300
[WARN] kernel::syscall::poll: [epoll-block] #36 pid=3 epfd=68 next=4 rip=0x7fffeefa
[WARN] kernel::syscall::poll: [epoll70-enter] #23 pid=4 to=4294967295 rip=0x7fffeefa
[WARN] kernel::syscall::handlers::fd: [tfd-read] pid=4 tfd=71 count=7300
[WARN] kernel::syscall::poll: [epoll70-enter] #24 pid=4 to=4294967295 rip=0x7fffeefa
[WARN] kernel::syscall::poll: [epoll70-empty] #12 pid=4 no-ready
[WARN] kernel::syscall::poll: [epoll-block] #37 pid=4 epfd=70 next=7 rip=0x7fffeefa
[WARN] kernel::syscall::poll: [epoll72-enter] #12 pid=7 epfd=72 max=16 to=4294967295 watched=[(4, 1, 0), (73, 1, 73)]
[WARN] kernel::syscall::poll: [epoll72-ready-fast] #6 pid=7 epfd=72 ready=1 ev=0x1 data=0x49
[WARN] kernel::syscall::handlers::fd: [tfd-read] pid=7 tfd=73 count=7300
[WARN] kernel::syscall::poll: [epoll72-enter] #13 pid=7 epfd=72 max=16 to=4294967295 watched=[(4, 1, 0), (73, 1, 73)]
[WARN] kernel::syscall::poll: [epoll-block] #38 pid=7 epfd=72 next=1 rip=0x7fffeefa
[WARN] kernel::syscall::handlers::ipc_display: [wm-wait-block] #12 pid=1 timeout_ms=16 deadline=1700000010024545000 pending=0 input=0 baton_due=false baton_queued=false
[WARN] kernel::syscall::handlers::ipc_display: [wm-wait-drain-before] #12 pid=1
[WARN] kernel::syscall::handlers::ipc_display: [wm-wait-drain-after] #12 pid=1 n=-11
[WARN] kernel::syscall::handlers::ipc_display: [wm-wait-xstate-before] #12 pid=1
[WARN] kernel::syscall::handlers::ipc_display: [wm-wait-xstate-after] #12 pid=1
[WARN] kernel::syscall::handlers::ipc_display: [wm-wait-post-save] #12 pid=1 pending=0 baton=false
[WARN] kernel::process: [sched-debug] next_runnable_pid(curr=1) -> Some(5)
[WARN] kernel::syscall::handlers::ipc_display: [wm-wait-block] #13 pid=1 timeout_ms=16 deadline=1700000010024545000 pending=0 input=0 baton_due=false baton_queued=false
[WARN] kernel::syscall::handlers::ipc_display: [wm-wait-drain-before] #13 pid=1
[WARN] kernel::syscall::handlers::ipc_display: [wm-wait-drain-after] #13 pid=1 n=-11
[WARN] kernel::syscall::handlers::ipc_display: [wm-wait-xstate-before] #13 pid=1
[WARN] kernel::syscall::handlers::ipc_display: [wm-wait-xstate-after] #13 pid=1
[WARN] kernel::syscall::handlers::ipc_display: [wm-wait-post-save] #13 pid=1 pending=0 baton=false
[WARN] kernel::process: [sched-debug] next_runnable_pid(curr=1) -> Some(6)
[WARN] kernel::syscall::handlers::ipc_display: [wm-wait-block] #14 pid=1 timeout_ms=16 deadline=1700000010024545000 pending=0 input=0 baton_due=false baton_queued=false
[WARN] kernel::syscall::handlers::ipc_display: [wm-wait-drain-before] #14 pid=1
[WARN] kernel::syscall::handlers::ipc_display: [wm-wait-drain-after] #14 pid=1 n=-11
[WARN] kernel::syscall::handlers::ipc_display: [wm-wait-xstate-before] #14 pid=1
[WARN] kernel::syscall::handlers::ipc_display: [wm-wait-xstate-after] #14 pid=1
[WARN] kernel::syscall::handlers::ipc_display: [wm-wait-post-save] #14 pid=1 pending=0 baton=false
[WARN] kernel::process: [sched-debug] next_runnable_pid(curr=1) -> Some(8)
[WARN] kernel::process: [enter-user-89] #5 pid=8 rip=0x7fffe398 rsp=0x4550ff908 fs=0x456000000 preempted=false errno=0
[WARN] kernel::syscall::handlers::ipc_display: [wm-wait-block] #15 pid=1 timeout_ms=16 deadline=1700000010024545000 pending=0 input=0 baton_due=false baton_queued=false
[WARN] kernel::syscall::handlers::ipc_display: [wm-wait-drain-before] #15 pid=1
[WARN] kernel::syscall::handlers::ipc_display: [wm-wait-drain-after] #15 pid=1 n=-11
[WARN] kernel::syscall::handlers::ipc_display: [wm-wait-xstate-before] #15 pid=1
[WARN] kernel::syscall::handlers::ipc_display: [wm-wait-xstate-after] #15 pid=1
[WARN] kernel::syscall::handlers::ipc_display: [wm-wait-post-save] #15 pid=1 pending=0 baton=false
[WARN] kernel::process: [sched-debug] next_runnable_pid(curr=1) -> Some(9)
[WARN] kernel::process: [enter-user-89] #6 pid=9 rip=0x7fffe398 rsp=0x12cf0ff908 fs=0x12d0000000 preempted=false errno=0
[WARN] kernel::syscall::handlers::ipc_display: [wm-wait-block] #16 pid=1 timeout_ms=16 deadline=1700000010024545000 pending=0 input=0 baton_due=false baton_queued=false
[WARN] kernel::syscall::handlers::ipc_display: [wm-wait-drain-before] #16 pid=1
[WARN] kernel::syscall::handlers::ipc_display: [wm-wait-drain-after] #16 pid=1 n=-11
[WARN] kernel::syscall::handlers::ipc_display: [wm-wait-xstate-before] #16 pid=1
[WARN] kernel::syscall::handlers::ipc_display: [wm-wait-xstate-after] #16 pid=1
[WARN] kernel::syscall::handlers::ipc_display: [wm-wait-post-save] #16 pid=1 pending=0 baton=false
[WARN] kernel::process: [sched-debug] next_runnable_pid(curr=1) -> Some(10)
[WARN] kernel::syscall::posix: [timedwait] #5 pid=10 cond=0x1339000040 mutex=0x39b000018 timeout_ns=1700000008978464666 now=1700000010013853666
[WARN] kernel::syscall::posix: [timedwait] #6 pid=10 cond=0x1339000040 mutex=0x39b000018 timeout_ns=1700000010013986333 now=1700000010013988000
[WARN] kernel::syscall::posix: [startup-mutex] unlock #30 pid=10 mutex=0x39b000018 waiter=None rip=0x7fffe3da
[WARN] kernel::syscall::posix: [startup-mutex] unlock #31 pid=10 mutex=0x39b000018 waiter=None rip=0x7fffe30a
[WARN] kernel::syscall::handlers::futex: [trace] sys_thread_exit pid=10 code=0x0 rip=0x7ffff82a rsp=0x133b100000
[ERROR] kernel::syscall::trace: [syscall-trace] last 64 syscall(s):
[ERROR] kernel::syscall::trace: [syscall-trace] #00 pid=10 nr=0x35b a0=0x0 a1=0x1339000010 a2=0x133b0ffa80 rip=0x7ffff82a
[ERROR] kernel::syscall::trace: [syscall-trace] #01 pid=10 nr=0x3d4 a0=0x39b000018 a1=0x39b000018 a2=0x133b0ffa80 rip=0x7fffe30a
[ERROR] kernel::syscall::trace: [syscall-trace] #02 pid=10 nr=0x3e1 a0=0x1339000040 a1=0x39b000018 a2=0x133b0ffa80 rip=0x7fffe3da
[ERROR] kernel::syscall::trace: [syscall-trace] #03 pid=10 nr=0x405 a0=0x1 a1=0x133b0ffa80 a2=0x1 rip=0x7fffe63a
[ERROR] kernel::syscall::trace: [syscall-trace] #04 pid=10 nr=0x405 a0=0x1 a1=0x133b0ffe98 a2=0x133b0ffa80 rip=0x7fffe63a
[ERROR] kernel::syscall::trace: [syscall-trace] #05 pid=10 nr=0x3e1 a0=0x1339000040 a1=0x39b000018 a2=0x133b0ffa80 rip=0x7fffe3da
[ERROR] kernel::syscall::trace: [syscall-trace] #06 pid=1 nr=0x323 a0=0x7ffffffefaf0 a1=0x20 a2=0x10 rip=0x401ca9
[ERROR] kernel::syscall::trace: [syscall-trace] #07 pid=9 nr=0x3dd a0=0x5e30003b8 a1=0x5e3000388 a2=0x0 rip=0x7fffe39a
[ERROR] kernel::syscall::trace: [syscall-trace] #08 pid=9 nr=0x3dd a0=0x5e30003b8 a1=0x5e3000388 a2=0x0 rip=0x7fffe39a
[ERROR] kernel::syscall::trace: [syscall-trace] #09 pid=1 nr=0x323 a0=0x7ffffffefaf0 a1=0x20 a2=0x10 rip=0x401ca9
[ERROR] kernel::syscall::trace: [syscall-trace] #10 pid=8 nr=0x3dd a0=0x5e30003b8 a1=0x5e3000388 a2=0x0 rip=0x7fffe39a
[ERROR] kernel::syscall::trace: [syscall-trace] #11 pid=8 nr=0x3dd a0=0x5e30003b8 a1=0x5e3000388 a2=0x0 rip=0x7fffe39a
[ERROR] kernel::syscall::trace: [syscall-trace] #12 pid=1 nr=0x323 a0=0x7ffffffefaf0 a1=0x20 a2=0x10 rip=0x401ca9
[ERROR] kernel::syscall::trace: [syscall-trace] #13 pid=6 nr=0x3dd a0=0x338000070 a1=0x338000048 a2=0x0 rip=0x7fffe39a
[ERROR] kernel::syscall::trace: [syscall-trace] #14 pid=1 nr=0x323 a0=0x7ffffffefaf0 a1=0x20 a2=0x10 rip=0x401ca9
[ERROR] kernel::syscall::trace: [syscall-trace] #15 pid=5 nr=0x3dd a0=0x338000070 a1=0x338000048 a2=0x0 rip=0x7fffe39a
[ERROR] kernel::syscall::trace: [syscall-trace] #16 pid=1 nr=0x323 a0=0x7ffffffefaf0 a1=0x20 a2=0x10 rip=0x401ca9
[ERROR] kernel::syscall::trace: [syscall-trace] #17 pid=7 nr=0x47b a0=0x48 a1=0x3630ffee0 a2=0x10 rip=0x7fffeefa
[ERROR] kernel::syscall::trace: [syscall-trace] #18 pid=7 nr=0x480 a0=0x49 a1=0x1 a2=0x3630ffdf0 rip=0x7fffef4a
[ERROR] kernel::syscall::trace: [syscall-trace] #19 pid=7 nr=0x0 a0=0x49 a1=0x3630ffe20 a2=0x8 rip=0x7fffe73a
[ERROR] kernel::syscall::trace: [syscall-trace] #20 pid=7 nr=0x47b a0=0x48 a1=0x3630ffee0 a2=0x10 rip=0x7fffeefa
[ERROR] kernel::syscall::trace: [syscall-trace] #21 pid=4 nr=0x47b a0=0x46 a1=0x2f11fff98 a2=0x1 rip=0x7fffeefa
[ERROR] kernel::syscall::trace: [syscall-trace] #22 pid=4 nr=0x3d4 a0=0x29f000010 a1=0x3 a2=0x3 rip=0x7fffe30a
[ERROR] kernel::syscall::trace: [syscall-trace] #23 pid=4 nr=0x3d3 a0=0x29f000010 a1=0x29f000010 a2=0x3 rip=0x7fffe2fa
[ERROR] kernel::syscall::trace: [syscall-trace] #24 pid=4 nr=0x405 a0=0x1 a1=0x2f11ffec8 a2=0x8 rip=0x7fffe63a
[ERROR] kernel::syscall::trace: [syscall-trace] #25 pid=4 nr=0x0 a0=0x47 a1=0x2f11fff70 a2=0x8 rip=0x7fffe73a
[ERROR] kernel::syscall::trace: [syscall-trace] #26 pid=4 nr=0x47b a0=0x46 a1=0x2f11fff98 a2=0x1 rip=0x7fffeefa
[ERROR] kernel::syscall::trace: [syscall-trace] #27 pid=3 nr=0x47b a0=0x44 a1=0x2e31fff98 a2=0x1 rip=0x7fffeefa
[ERROR] kernel::syscall::trace: [syscall-trace] #28 pid=3 nr=0x3d4 a0=0x29f000010 a1=0x2 a2=0x2 rip=0x7fffe30a
[ERROR] kernel::syscall::trace: [syscall-trace] #29 pid=3 nr=0x3d3 a0=0x29f000010 a1=0x29f000010 a2=0x2 rip=0x7fffe2fa
[ERROR] kernel::syscall::trace: [syscall-trace] #30 pid=3 nr=0x405 a0=0x1 a1=0x2e31ffec8 a2=0x8 rip=0x7fffe63a
[ERROR] kernel::syscall::trace: [syscall-trace] #31 pid=3 nr=0x0 a0=0x45 a1=0x2e31fff70 a2=0x8 rip=0x7fffe73a
[ERROR] kernel::syscall::trace: [syscall-trace] #32 pid=3 nr=0x47b a0=0x44 a1=0x2e31fff98 a2=0x1 rip=0x7fffeefa
[ERROR] kernel::syscall::trace: [syscall-trace] #33 pid=2 nr=0x3dd a0=0x10ecf000048 a1=0x10ecf000018 a2=0x0 rip=0x7fffe39a
[ERROR] kernel::syscall::trace: [syscall-trace] #34 pid=2 nr=0x3d3 a0=0x10ecf000018 a1=0x0 a2=0x200 rip=0x7fffe2fa
[ERROR] kernel::syscall::trace: [syscall-trace] #35 pid=2 nr=0x3d4 a0=0x5e3000050 a1=0x0 a2=0x200 rip=0x7fffe30a
[ERROR] kernel::syscall::trace: [syscall-trace] #36 pid=2 nr=0x3d3 a0=0x5e3000050 a1=0x0 a2=0x200 rip=0x7fffe2fa
[ERROR] kernel::syscall::trace: [syscall-trace] #37 pid=2 nr=0x3a1 a0=0x10ed3000010 a1=0x0 a2=0x200 rip=0x7fffe01a
[ERROR] kernel::syscall::trace: [syscall-trace] #38 pid=2 nr=0x3b2 a0=0x10f44000020 a1=0x0 a2=0x200 rip=0x7fffe0ba
[ERROR] kernel::syscall::trace: [syscall-trace] #39 pid=2 nr=0x3a0 a0=0x210 a1=0x605000010 a2=0x0 rip=0x7fffe00a
[ERROR] kernel::syscall::trace: [syscall-trace] #40 pid=2 nr=0x3fd a0=0x36f1c88 a1=0x605000010 a2=0x0 rip=0x7fffe59a
[ERROR] kernel::syscall::trace: [syscall-trace] #41 pid=2 nr=0x3d4 a0=0x10ecf000018 a1=0x2d51e5580 a2=0x0 rip=0x7fffe30a
[ERROR] kernel::syscall::trace: [syscall-trace] #42 pid=2 nr=0x3df a0=0x10ecf000048 a1=0x2d51e5580 a2=0x0 rip=0x7fffe3ba
[ERROR] kernel::syscall::trace: [syscall-trace] #43 pid=2 nr=0x3d3 a0=0x10ecf000018 a1=0x2d51e5580 a2=0x0 rip=0x7fffe2fa
[ERROR] kernel::syscall::trace: [syscall-trace] #44 pid=2 nr=0x3d4 a0=0x5e3000050 a1=0x2d51e5580 a2=0x0 rip=0x7fffe30a
[ERROR] kernel::syscall::trace: [syscall-trace] #45 pid=2 nr=0x3df a0=0x5e3000080 a1=0x2d51e5580 a2=0x0 rip=0x7fffe3ba
[ERROR] kernel::syscall::trace: [syscall-trace] #46 pid=2 nr=0x3d3 a0=0x5e3000050 a1=0x2d51e5580 a2=0x0 rip=0x7fffe2fa
[ERROR] kernel::syscall::trace: [syscall-trace] #47 pid=2 nr=0x3d4 a0=0x5e3000050 a1=0x605000010 a2=0x0 rip=0x7fffe30a
[ERROR] kernel::syscall::trace: [syscall-trace] #48 pid=2 nr=0x3d3 a0=0x5e3000050 a1=0x605000010 a2=0x0 rip=0x7fffe2fa
[ERROR] kernel::syscall::trace: [syscall-trace] #49 pid=2 nr=0x3d4 a0=0x5e3000050 a1=0x605000010 a2=0x0 rip=0x7fffe30a
[ERROR] kernel::syscall::trace: [syscall-trace] #50 pid=2 nr=0x3d3 a0=0x5e3000050 a1=0x605000010 a2=0x0 rip=0x7fffe2fa
[ERROR] kernel::syscall::trace: [syscall-trace] #51 pid=2 nr=0x3fd a0=0x36f1c88 a1=0x605000010 a2=0x0 rip=0x7fffe59a
[ERROR] kernel::syscall::trace: [syscall-trace] #52 pid=2 nr=0x3d4 a0=0x5e30002d8 a1=0x10ed1000030 a2=0x3726750 rip=0x7fffe30a
[ERROR] kernel::syscall::trace: [syscall-trace] #53 pid=2 nr=0x3d3 a0=0x5e30002d8 a1=0x10ed1000030 a2=0x3726750 rip=0x7fffe2fa
[ERROR] kernel::syscall::trace: [syscall-trace] #54 pid=2 nr=0x3d4 a0=0x5e3000388 a1=0x10ed1000030 a2=0x3726750 rip=0x7fffe30a
[ERROR] kernel::syscall::trace: [syscall-trace] #55 pid=2 nr=0x3d3 a0=0x5e3000388 a1=0x10ed1000030 a2=0x3726750 rip=0x7fffe2fa
[ERROR] kernel::syscall::trace: [syscall-trace] #56 pid=2 nr=0x3d4 a0=0x5e3000288 a1=0x605000010 a2=0x3726750 rip=0x7fffe30a
[ERROR] kernel::syscall::trace: [syscall-trace] #57 pid=2 nr=0x3d3 a0=0x5e3000288 a1=0x605000010 a2=0x3726750 rip=0x7fffe2fa
[ERROR] kernel::syscall::trace: [syscall-trace] #58 pid=2 nr=0x3fd a0=0x36f1c88 a1=0x10ed1000010 a2=0x3726750 rip=0x7fffe59a
[ERROR] kernel::syscall::trace: [syscall-trace] #59 pid=2 nr=0x3fd a0=0x36f1c88 a1=0x10ed1000010 a2=0x3726750 rip=0x7fffe59a
[ERROR] kernel::syscall::trace: [syscall-trace] #60 pid=2 nr=0x3fd a0=0x36f1c88 a1=0x605000010 a2=0x3726750 rip=0x7fffe59a
[ERROR] kernel::syscall::trace: [syscall-trace] #61 pid=2 nr=0x3d3 a0=0x5e50004a0 a1=0x5e5000488 a2=0x3726750 rip=0x7fffe2fa
[ERROR] kernel::syscall::trace: [syscall-trace] #62 pid=2 nr=0x3fd a0=0x36f1c88 a1=0x605000010 a2=0x3726750 rip=0x7fffe59a
[ERROR] kernel::syscall::trace: [syscall-trace] #63 pid=2 nr=0x3fd a0=0x36f1c88 a1=0x2d51e5000 a2=0x338ed10 rip=0x7fffe59a
[INFO] kernel::process: [Process] pid=10 exited with code 0
[WARN] kernel::syscall::handlers::fd: [trace] sys_exit: pid=10 → parent ppid=1 left untouched (zombie pending)
[WARN] kernel::syscall::handlers::fd: [trace] sys_exit: pid=10 no parent — falling through to scheduler
[WARN] kernel::process: [sched-debug] next_runnable_pid(curr=0) -> Some(11)
[WARN] kernel::wm: [pop] #17 consumer_pid=1 returned_kind=1 b=0 qlen=0 ptr_in_q=0
[WARN] kernel::syscall::handlers::ipc_display: [wm-event-wait-ret] #17 pid=1 eagain-platform=-11
[embedder] schedule_frame begin idle
[WARN] kernel::syscall::poll: [tfd67-arm] #63 pid=1 delta=1000000ns period=1700000004503908000ns orig_exp=true
[embedder] schedule_frame end idle rc=0
[WARN] kernel::wm: [pop] #18 consumer_pid=1 returned_kind=1 b=0 qlen=0 ptr_in_q=0
[WARN] kernel::syscall::handlers::ipc_display: [wm-event-wait-ret] #18 pid=1 event=32
[WARN] kernel::syscall::handlers::ipc_display: [wm-wait-block] #17 pid=1 timeout_ms=16 deadline=1700000010039057000 pending=0 input=0 baton_due=false baton_queued=false
[WARN] kernel::syscall::handlers::ipc_display: [wm-wait-drain-before] #17 pid=1
[WARN] kernel::syscall::handlers::ipc_display: [wm-wait-drain-after] #17 pid=1 n=-11
[WARN] kernel::syscall::handlers::ipc_display: [wm-wait-xstate-before] #17 pid=1
[WARN] kernel::syscall::handlers::ipc_display: [wm-wait-xstate-after] #17 pid=1
[WARN] kernel::syscall::handlers::ipc_display: [wm-wait-post-save] #17 pid=1 pending=0 baton=false
[WARN] kernel::process: [sched-debug] next_runnable_pid(curr=1) -> Some(12)
[WARN] kernel::syscall::handlers::ipc_display: [wm-wait-block] #18 pid=1 timeout_ms=16 deadline=1700000010039057000 pending=0 input=0 baton_due=false baton_queued=false
[WARN] kernel::syscall::handlers::ipc_display: [wm-wait-drain-before] #18 pid=1
[WARN] kernel::syscall::handlers::ipc_display: [wm-wait-drain-after] #18 pid=1 n=-11
[WARN] kernel::syscall::handlers::ipc_display: [wm-wait-xstate-before] #18 pid=1
[WARN] kernel::syscall::handlers::ipc_display: [wm-wait-xstate-after] #18 pid=1
[WARN] kernel::syscall::handlers::ipc_display: [wm-wait-post-save] #18 pid=1 pending=0 baton=false
[WARN] kernel::process: [sched-debug] next_runnable_pid(curr=1) -> Some(2)
[INFO] kernel::syscall::handlers::futex: [cond-bridge-sib] #9 cond=0x136e0000f0 -> futex=0x5c0000040 wake_count=1 bridged=1
[INFO] kernel::syscall::handlers::futex: [cond-bridge-sib] #10 cond=0x136e0000f0 -> futex=0x5e30003b8 wake_count=1 bridged=1
[WARN] kernel::syscall::posix: [cond-signal-bridged] #6 pid=2 cond=0x136e0000f0 woke=0 bridged=2
[WARN] kernel::syscall::posix: [cond-signal] #38 pid=2 cond=0x136e0000f0 woke=0
[INFO] kernel::syscall::handlers::futex: [cond-bridge-sib] #11 cond=0x136e0001f0 -> futex=0x5e30003b8 wake_count=1 bridged=1
[WARN] kernel::syscall::posix: [cond-signal-bridged] #7 pid=2 cond=0x136e0001f0 woke=0 bridged=1
[WARN] kernel::syscall::posix: [cond-signal] #39 pid=2 cond=0x136e0001f0 woke=0
[WARN] kernel::syscall::handlers::ipc_display: [wm-wait-block] #19 pid=1 timeout_ms=16 deadline=1700000010039057000 pending=0 input=0 baton_due=false baton_queued=false
[WARN] kernel::syscall::handlers::ipc_display: [wm-wait-drain-before] #19 pid=1
[WARN] kernel::syscall::handlers::ipc_display: [wm-wait-drain-after] #19 pid=1 n=-11
[WARN] kernel::syscall::handlers::ipc_display: [wm-wait-xstate-before] #19 pid=1
[WARN] kernel::syscall::handlers::ipc_display: [wm-wait-xstate-after] #19 pid=1
[WARN] kernel::syscall::handlers::ipc_display: [wm-wait-post-save] #19 pid=1 pending=0 baton=false
[WARN] kernel::process: [sched-debug] next_runnable_pid(curr=1) -> Some(8)
[WARN] kernel::process: [enter-user-89] #7 pid=8 rip=0x7fffe398 rsp=0x4550ff908 fs=0x456000000 preempted=false errno=0
[WARN] kernel::syscall::handlers::ipc_display: [wm-wait-block] #20 pid=1 timeout_ms=16 deadline=1700000010039057000 pending=0 input=0 baton_due=false baton_queued=false
[WARN] kernel::syscall::handlers::ipc_display: [wm-wait-drain-before] #20 pid=1
[WARN] kernel::syscall::handlers::ipc_display: [wm-wait-drain-after] #20 pid=1 n=-11
[WARN] kernel::syscall::handlers::ipc_display: [wm-wait-xstate-before] #20 pid=1
[WARN] kernel::syscall::handlers::ipc_display: [wm-wait-xstate-after] #20 pid=1
[WARN] kernel::syscall::handlers::ipc_display: [wm-wait-post-save] #20 pid=1 pending=0 baton=false
[WARN] kernel::process: [sched-debug] next_runnable_pid(curr=1) -> Some(9)
[WARN] kernel::process: [enter-user-89] #8 pid=9 rip=0x7fffe398 rsp=0x12cf0ff908 fs=0x12d0000000 preempted=false errno=0
[WARN] kernel::syscall::handlers::ipc_display: [wm-wait-block] #21 pid=1 timeout_ms=16 deadline=1700000010039057000 pending=0 input=0 baton_due=false baton_queued=false
[WARN] kernel::syscall::handlers::ipc_display: [wm-wait-drain-before] #21 pid=1
[WARN] kernel::syscall::handlers::ipc_display: [wm-wait-drain-after] #21 pid=1 n=-11
[WARN] kernel::syscall::handlers::ipc_display: [wm-wait-xstate-before] #21 pid=1
[WARN] kernel::syscall::handlers::ipc_display: [wm-wait-xstate-after] #21 pid=1
[WARN] kernel::syscall::handlers::ipc_display: [wm-wait-post-save] #21 pid=1 pending=0 baton=false
[WARN] kernel::process: [sched-debug] next_runnable_pid(curr=1) -> Some(11)
[WARN] kernel::wm: [pop] #19 consumer_pid=1 returned_kind=1 b=0 qlen=0 ptr_in_q=0
[WARN] kernel::syscall::handlers::ipc_display: [wm-event-wait-ret] #19 pid=1 eagain-platform=-11
[embedder] schedule_frame begin idle
[WARN] kernel::syscall::poll: [tfd67-arm] #64 pid=1 delta=1000000ns period=1700000004503908000ns orig_exp=true
[embedder] schedule_frame end idle rc=0
[WARN] kernel::wm: [pop] #20 consumer_pid=1 returned_kind=1 b=0 qlen=0 ptr_in_q=0
[WARN] kernel::syscall::handlers::ipc_display: [wm-event-wait-ret] #20 pid=1 event=32
[WARN] kernel::syscall::handlers::ipc_display: [wm-wait-block] #22 pid=1 timeout_ms=16 deadline=1700000010044966333 pending=0 input=0 baton_due=false baton_queued=false
[WARN] kernel::syscall::handlers::ipc_display: [wm-wait-drain-before] #22 pid=1
[WARN] kernel::syscall::handlers::ipc_display: [wm-wait-drain-after] #22 pid=1 n=-11
[WARN] kernel::syscall::handlers::ipc_display: [wm-wait-xstate-before] #22 pid=1
[WARN] kernel::syscall::handlers::ipc_display: [wm-wait-xstate-after] #22 pid=1
[WARN] kernel::syscall::handlers::ipc_display: [wm-wait-post-save] #22 pid=1 pending=0 baton=false
[WARN] kernel::process: [sched-debug] next_runnable_pid(curr=1) -> Some(12)
[INFO] kernel::syscall::handlers::futex: [cond-bridge-sib] #12 cond=0x5c5000060 -> futex=0x5c0000040 wake_count=1 bridged=1
[INFO] kernel::syscall::handlers::futex: [cond-bridge-sib] #13 cond=0x5c5000060 -> futex=0x5e30003b8 wake_count=1 bridged=1
[INFO] kernel::syscall::handlers::futex: [cond-bridge-sib] #14 cond=0x5c5000060 -> futex=0x10ecf000048 wake_count=1 bridged=1
[WARN] kernel::syscall::posix: [cond-signal-bridged] #8 pid=12 cond=0x5c5000060 woke=0 bridged=3
[WARN] kernel::syscall::posix: [cond-signal] #40 pid=12 cond=0x5c5000060 woke=0
[WARN] kernel::syscall::posix: [startup-mutex] acquire #28 pid=12 mutex=0x39b000018 rip=0x7fffe2fa
[WARN] kernel::syscall::posix: [timedwait] #7 pid=12 cond=0x10edd000040 mutex=0x39b000018 timeout_ns=1700000015030255000 now=1700000010030256000
[WARN] kernel::syscall::handlers::futex: [futex-target-wake] #3 caller=2 addr=0x338000070 waking_pid=5
[WARN] kernel::syscall::handlers::futex: [futex-target-wake] #3 caller=2 addr=0x338000070 waking_pid=6
[WARN] kernel::syscall::handlers::futex: [engine-bcast-storm] #2 pid=2 cond=0x5d4000048 storm_wakes=3
[WARN] kernel::syscall::posix: [cond-broadcast] #217088 pid=2 cond=0x5d4000048 woke=0
[WARN] kernel::syscall::posix: [cond-broadcast-zero-wake] #217088 pid=2 cond=0x5d8000048 skip_bridge=true
[WARN] kernel::syscall::posix: [cond-broadcast] #219136 pid=2 cond=0x5d4000048 woke=0
[WARN] kernel::syscall::posix: [cond-broadcast] #221184 pid=2 cond=0x5d4000048 woke=0
[WARN] kernel::syscall::posix: [cond-broadcast-zero-wake] #221184 pid=2 cond=0x5d4000048 skip_bridge=true
[WARN] kernel::syscall::posix: [cond-broadcast] #223232 pid=2 cond=0x5d9000040 woke=0
[WARN] kernel::syscall::posix: [cond-broadcast] #225280 pid=2 cond=0x5d4000048 woke=0
[WARN] kernel::syscall::posix: [cond-broadcast-zero-wake] #225280 pid=2 cond=0x5d8000048 skip_bridge=true
[WARN] kernel::syscall::posix: [cond-broadcast] #227328 pid=2 cond=0x5d4000048 woke=0
[WARN] kernel::syscall::posix: [cond-broadcast] #229376 pid=2 cond=0x5d4000048 woke=0
[WARN] kernel::syscall::posix: [cond-broadcast-zero-wake] #229376 pid=2 cond=0x5d8000048 skip_bridge=true
[WARN] kernel::syscall::poll: [tfd67-arm] #65 pid=2 delta=1000000ns period=1700000004503908000ns orig_exp=true
[WARN] kernel::syscall::handlers::fd: [write-trace] pid=2 fd=5 len=24
[WARN] kernel::syscall::handlers::fd: [pipe-write] #0 pid=2 fd=5 pipe_id=0 req_len=24 wrote=24 pipe_len=24 free_before=4096
[WARN] kernel::syscall::handlers::fd: [write-trace] pid=2 fd=5 len=24
[WARN] kernel::syscall::handlers::fd: [pipe-write] #1 pid=2 fd=5 pipe_id=0 req_len=24 wrote=24 pipe_len=48 free_before=4072
[WARN] kernel::syscall::posix: [cond-broadcast] #231424 pid=2 cond=0x5d4000048 woke=0
[embedder] post_task runner=0 task=16 now=17979d00a0bb0318 target=17979d00a0b9f82a
[WARN] kernel::syscall::posix: [cond-broadcast] #233472 pid=2 cond=0x5d8000048 woke=0
[WARN] kernel::syscall::posix: [cond-broadcast-zero-wake] #233472 pid=2 cond=0x5d7000048 skip_bridge=true
[embedder] post_task runner=0 task=17 now=17979d00a3996465 target=17979d00a397d890
[WARN] kernel::syscall::poll: [tfd67-arm] #66 pid=2 delta=1000000ns period=1700000004503908000ns orig_exp=true
[WARN] kernel::syscall::posix: [cond-broadcast] #235520 pid=2 cond=0x5d4000048 woke=0
[WARN] kernel::syscall::handlers::fd: [write-trace] pid=2 fd=5 len=24
[WARN] kernel::syscall::handlers::fd: [pipe-write] #2 pid=2 fd=5 pipe_id=0 req_len=24 wrote=24 pipe_len=72 free_before=4048
[WARN] kernel::syscall::handlers::fd: [write-trace] pid=2 fd=5 len=24
[WARN] kernel::syscall::handlers::fd: [pipe-write] #3 pid=2 fd=5 pipe_id=0 req_len=24 wrote=24 pipe_len=96 free_before=4024
[WARN] kernel::syscall::poll: [tfd67-arm] #67 pid=2 delta=1000000ns period=1700000004698336333ns orig_exp=true
[WARN] kernel::syscall::poll: [tfd67-arm] #68 pid=2 delta=1000000ns period=1700000004699007333ns orig_exp=true
[WARN] kernel::syscall::poll: [tfd67-arm] #69 pid=2 delta=1000000ns period=1700000004699414000ns orig_exp=true
[WARN] kernel::syscall::poll: [tfd67-arm] #70 pid=2 delta=1000000ns period=1700000005525338666ns orig_exp=true
[WARN] kernel::syscall::poll: [epoll-block] #39 pid=2 epfd=66 next=3 rip=0x7fffeefa
[WARN] kernel::syscall::handlers::fd: [tfd-read] pid=3 tfd=69 count=1546
[WARN] kernel::syscall::poll: [epoll-block] #40 pid=3 epfd=68 next=4 rip=0x7fffeefa
[WARN] kernel::syscall::poll: [epoll70-enter] #25 pid=4 to=4294967295 rip=0x7fffeefa
[WARN] kernel::syscall::handlers::fd: [tfd-read] pid=4 tfd=71 count=1546
[WARN] kernel::syscall::poll: [epoll70-enter] #26 pid=4 to=4294967295 rip=0x7fffeefa
[WARN] kernel::syscall::poll: [epoll70-empty] #13 pid=4 no-ready
[WARN] kernel::syscall::poll: [epoll-block] #41 pid=4 epfd=70 next=7 rip=0x7fffeefa
[WARN] kernel::syscall::poll: [epoll72-enter] #14 pid=7 epfd=72 max=16 to=4294967295 watched=[(4, 1, 0), (73, 1, 73)]
[WARN] kernel::syscall::poll: [epoll72-ready-fast] #7 pid=7 epfd=72 ready=2 ev=0x1 data=0x0
[WARN] kernel::syscall::handlers::fd: [tfd-read] pid=7 tfd=73 count=1546
[WARN] kernel::syscall::poll: [epoll72-enter] #15 pid=7 epfd=72 max=16 to=4294967295 watched=[(4, 1, 0), (73, 1, 73)]
[WARN] kernel::syscall::poll: [epoll-block] #42 pid=7 epfd=72 next=1 rip=0x7fffeefa
[WARN] kernel::wm: [pop] #21 consumer_pid=1 returned_kind=1 b=0 qlen=0 ptr_in_q=0
[WARN] kernel::syscall::handlers::ipc_display: [wm-event-wait-ret] #21 pid=1 eagain-platform=-11
[embedder] schedule_frame begin idle
[WARN] kernel::syscall::poll: [tfd67-arm] #71 pid=1 delta=1000000ns period=1700000005525338666ns orig_exp=true
[embedder] schedule_frame end idle rc=0
[embedder] run_task runner=0 task=16 now=17979d00a573b4e0
[embedder/pfm] ch=flutter/platform sz=379
[WARN] kernel::syscall::poll: [tfd67-arm] #72 pid=1 delta=1000000ns period=1700000005525338666ns orig_exp=true
[embedder] run_task runner=0 task=17 now=17979d00a573b4e0
[embedder] schedule_frame begin startup
[WARN] kernel::syscall::poll: [tfd67-arm] #73 pid=1 delta=1000000ns period=1700000005525338666ns orig_exp=true
[embedder] schedule_frame end startup rc=0
[WARN] kernel::syscall::poll: [tfd67-arm] #74 pid=1 delta=1000000ns period=1700000005525338666ns orig_exp=true
[WARN] kernel::wm: [pop] #22 consumer_pid=1 returned_kind=1 b=0 qlen=0 ptr_in_q=0
[WARN] kernel::syscall::handlers::ipc_display: [wm-event-wait-ret] #22 pid=1 event=32
[embedder] schedule_frame begin vsync0
[WARN] kernel::syscall::poll: [tfd67-arm] #75 pid=1 delta=1000000ns period=1700000005525338666ns orig_exp=true
[embedder] schedule_frame end vsync0 rc=0
[WARN] kernel::syscall::handlers::ipc_display: [wm-wait-block] #23 pid=1 timeout_ms=16 deadline=1700000010474278666 pending=0 input=0 baton_due=false baton_queued=false
[WARN] kernel::syscall::handlers::ipc_display: [wm-wait-drain-before] #23 pid=1
[WARN] kernel::syscall::handlers::ipc_display: [wm-wait-drain-after] #23 pid=1 n=-11
[WARN] kernel::syscall::handlers::ipc_display: [wm-wait-xstate-before] #23 pid=1
[WARN] kernel::syscall::handlers::ipc_display: [wm-wait-xstate-after] #23 pid=1
[WARN] kernel::syscall::handlers::ipc_display: [wm-wait-post-save] #23 pid=1 pending=0 baton=false
[WARN] kernel::process: [sched-debug] next_runnable_pid(curr=1) -> Some(2)
[WARN] kernel::syscall::poll: [epoll-block] #43 pid=2 epfd=66 next=1 rip=0x7fffeefa
[WARN] kernel::wm: [pop] #23 consumer_pid=1 returned_kind=1 b=0 qlen=0 ptr_in_q=0
[WARN] kernel::syscall::handlers::ipc_display: [wm-event-wait-ret] #23 pid=1 eagain-platform=-11
[embedder] schedule_frame begin idle
[WARN] kernel::syscall::poll: [tfd67-arm] #76 pid=1 delta=1000000ns period=1700000005525338666ns orig_exp=true
[embedder] schedule_frame end idle rc=0
[WARN] kernel::wm: [pop] #24 consumer_pid=1 returned_kind=1 b=0 qlen=0 ptr_in_q=0
[WARN] kernel::syscall::handlers::ipc_display: [wm-wait-block] #24 pid=1 timeout_ms=16 deadline=1700000010475650000 pending=0 input=0 baton_due=false baton_queued=false
[WARN] kernel::syscall::handlers::ipc_display: [wm-wait-drain-before] #24 pid=1
[WARN] kernel::syscall::handlers::ipc_display: [wm-wait-drain-after] #24 pid=1 n=-11
[WARN] kernel::syscall::handlers::ipc_display: [wm-wait-xstate-before] #24 pid=1
[WARN] kernel::syscall::handlers::ipc_display: [wm-wait-xstate-after] #24 pid=1
[WARN] kernel::syscall::handlers::ipc_display: [wm-wait-post-save] #24 pid=1 pending=0 baton=false
[WARN] kernel::process: [sched-debug] next_runnable_pid(curr=1) -> Some(2)
[WARN] kernel::syscall::poll: [epoll-block] #44 pid=2 epfd=66 next=1 rip=0x7fffeefa
[WARN] kernel::syscall::handlers::ipc_display: [wm-wait-block] #25 pid=1 timeout_ms=16 deadline=1700000010475650000 pending=0 input=0 baton_due=false baton_queued=false
[WARN] kernel::syscall::handlers::ipc_display: [wm-wait-drain-before] #25 pid=1
[WARN] kernel::syscall::handlers::ipc_display: [wm-wait-drain-after] #25 pid=1 n=-11
[WARN] kernel::syscall::handlers::ipc_display: [wm-wait-xstate-before] #25 pid=1
[WARN] kernel::syscall::handlers::ipc_display: [wm-wait-xstate-after] #25 pid=1
[WARN] kernel::syscall::handlers::ipc_display: [wm-wait-post-save] #25 pid=1 pending=0 baton=false
[WARN] kernel::process: [sched-debug] next_runnable_pid(curr=1) -> Some(2)
[WARN] kernel::syscall::handlers::fd: [tfd-read] pid=2 tfd=67 count=1
[WARN] kernel::syscall::poll: [tfd67-arm] #77 pid=2 delta=1000000ns period=1700000005525338666ns orig_exp=true
[WARN] kernel::syscall::posix: [cond-broadcast] #237568 pid=2 cond=0x5d4000048 woke=0
[WARN] kernel::syscall::posix: [cond-broadcast-zero-wake] #237568 pid=2 cond=0x5d7000048 skip_bridge=true
[WARN] kernel::syscall::posix: [cond-broadcast] #239616 pid=2 cond=0x5d7000048 woke=0
[WARN] kernel::syscall::posix: [cond-broadcast] #241664 pid=2 cond=0x5d4000048 woke=0
[WARN] kernel::syscall::posix: [cond-broadcast-zero-wake] #241664 pid=2 cond=0x5d4000048 skip_bridge=true
[WARN] kernel::syscall::posix: [cond-broadcast] #243712 pid=2 cond=0x5d4000048 woke=0
[WARN] kernel::syscall::posix: [cond-broadcast] #245760 pid=2 cond=0x5d4000048 woke=0
[WARN] kernel::syscall::posix: [cond-broadcast-zero-wake] #245760 pid=2 cond=0x5d4000048 skip_bridge=true
[WARN] kernel::syscall::posix: [cond-broadcast] #247808 pid=2 cond=0x5d9000040 woke=0
[WARN] kernel::syscall::posix: [cond-broadcast] #249856 pid=2 cond=0x5bd000048 woke=0
[WARN] kernel::syscall::posix: [cond-broadcast-zero-wake] #249856 pid=2 cond=0x5d4000048 skip_bridge=true
[WARN] kernel::syscall::posix: [cond-broadcast] #251904 pid=2 cond=0x5d4000048 woke=0
[WARN] kernel::syscall::posix: [cond-broadcast] #253952 pid=2 cond=0x5d4000048 woke=0
[WARN] kernel::syscall::posix: [cond-broadcast-zero-wake] #253952 pid=2 cond=0x5d4000048 skip_bridge=true
[WARN] kernel::syscall::posix: [cond-broadcast] #256000 pid=2 cond=0x5d4000048 woke=0
[WARN] kernel::syscall::posix: [cond-broadcast] #258048 pid=2 cond=0x5d4000048 woke=0
[WARN] kernel::syscall::posix: [cond-broadcast-zero-wake] #258048 pid=2 cond=0x5d4000048 skip_bridge=true
[WARN] kernel::syscall::posix: [cond-broadcast] #260096 pid=2 cond=0x5d4000048 woke=0
[WARN] kernel::syscall::posix: [cond-broadcast] #262144 pid=2 cond=0x5d4000048 woke=0
[WARN] kernel::syscall::posix: [cond-broadcast-zero-wake] #262144 pid=2 cond=0x5d4000048 skip_bridge=true
[WARN] kernel::syscall::posix: [cond-broadcast] #264192 pid=2 cond=0x5d4000048 woke=0
[WARN] kernel::syscall::dispatch: [stat-trace] nr=0x101 path='fonts/MaterialIcons-Regular.otf'
[DEBUG] kernel::syscall::dispatch: [openat] dirfd=3 rel='fonts/MaterialIcons-Regular.otf' → '/system/flutter/flutter_assets/fonts/MaterialIcons-Regular.otf'
[DEBUG] kernel::syscall::handlers::fd: [sys_open] '/system/flutter/flutter_assets/fonts/MaterialIcons-Regular.otf' → fd=6 (1645184 bytes)
[DEBUG] kernel::syscall::dispatch: [mmap] file-backed fd=6 off=0x0 len=0x191a80 → va=0x133d5000000 (1645184 copied)
[WARN] kernel::syscall::posix: [cond-broadcast] #266240 pid=2 cond=0x5d4000048 woke=0
[WARN] kernel::syscall::posix: [cond-broadcast-zero-wake] #266240 pid=2 cond=0x5d4000048 skip_bridge=true
[WARN] kernel::syscall::posix: [cond-broadcast] #268288 pid=2 cond=0x5d4000048 woke=0
[WARN] kernel::syscall::posix: [cond-broadcast] #270336 pid=2 cond=0x5d8000048 woke=0
[WARN] kernel::syscall::posix: [cond-broadcast-zero-wake] #270336 pid=2 cond=0x5d9000040 skip_bridge=true
[WARN] kernel::syscall::posix: [cond-broadcast] #272384 pid=2 cond=0x5d4000048 woke=0
[WARN] kernel::syscall::posix: [cond-broadcast] #274432 pid=2 cond=0x5d4000048 woke=0
[WARN] kernel::syscall::posix: [cond-broadcast-zero-wake] #274432 pid=2 cond=0x5d4000048 skip_bridge=true
[WARN] kernel::syscall::posix: [cond-broadcast] #276480 pid=2 cond=0x5d4000048 woke=0
[WARN] kernel::syscall::posix: [cond-broadcast] #278528 pid=2 cond=0x5d4000048 woke=0
[WARN] kernel::syscall::posix: [cond-broadcast-zero-wake] #278528 pid=2 cond=0x5d4000048 skip_bridge=true
[WARN] kernel::syscall::posix: [cond-broadcast] #280576 pid=2 cond=0x5d4000048 woke=0
[WARN] kernel::syscall::posix: [cond-broadcast] #282624 pid=2 cond=0x5d4000048 woke=0
[WARN] kernel::syscall::posix: [cond-broadcast-zero-wake] #282624 pid=2 cond=0x5d4000048 skip_bridge=true
[WARN] kernel::syscall::posix: [cond-broadcast] #284672 pid=2 cond=0x5d4000048 woke=0
[WARN] kernel::syscall::posix: [cond-broadcast] #286720 pid=2 cond=0x5d4000048 woke=0
[WARN] kernel::syscall::posix: [cond-broadcast-zero-wake] #286720 pid=2 cond=0x5d4000048 skip_bridge=true
[WARN] kernel::syscall::posix: [cond-broadcast] #288768 pid=2 cond=0x5d4000048 woke=0
[INFO] kernel::wm: [push-vsync] #900 frame=901 baton=0x0
[WARN] kernel::syscall::posix: [cond-broadcast] #290816 pid=2 cond=0x5d4000048 woke=0
[WARN] kernel::syscall::posix: [cond-broadcast-zero-wake] #290816 pid=2 cond=0x5d4000048 skip_bridge=true
[WARN] kernel::syscall::posix: [cond-broadcast] #292864 pid=2 cond=0x5d4000048 woke=0
[WARN] kernel::syscall::posix: [cond-broadcast] #294912 pid=2 cond=0x5d4000048 woke=0
[WARN] kernel::syscall::posix: [cond-broadcast-zero-wake] #294912 pid=2 cond=0x5d4000048 skip_bridge=true
[WARN] kernel::syscall::posix: [cond-broadcast] #296960 pid=2 cond=0x5d4000048 woke=0
[WARN] kernel::syscall::posix: [cond-broadcast] #299008 pid=2 cond=0x5bd000048 woke=0
[WARN] kernel::syscall::posix: [cond-broadcast-zero-wake] #299008 pid=2 cond=0x5d4000048 skip_bridge=true
[WARN] kernel::syscall::posix: [cond-broadcast] #301056 pid=2 cond=0x5d4000048 woke=0
[WARN] kernel::syscall::posix: [cond-broadcast] #303104 pid=2 cond=0x5d9000040 woke=0
[WARN] kernel::syscall::posix: [cond-broadcast-zero-wake] #303104 pid=2 cond=0x5d4000048 skip_bridge=true
flutter: [shell-ui] ready
[WARN] kernel::syscall::posix: [cond-broadcast] #305152 pid=2 cond=0x5d4000048 woke=0
[WARN] kernel::syscall::handlers::fd: [write-trace] pid=2 fd=5 len=24
[WARN] kernel::syscall::handlers::fd: [pipe-write] #4 pid=2 fd=5 pipe_id=0 req_len=24 wrote=24 pipe_len=24 free_before=4096
[WARN] kernel::syscall::poll: [tfd67-arm] #78 pid=2 delta=1000000ns period=1700000005535113333ns orig_exp=true
[WARN] kernel::syscall::poll: [tfd67-arm] #79 pid=2 delta=1000000ns period=1700000005535301000ns orig_exp=true
[WARN] kernel::syscall::poll: [tfd67-arm] #80 pid=2 delta=1000000ns period=1700000007599134333ns orig_exp=true
[WARN] kernel::syscall::poll: [tfd67-arm] #81 pid=2 delta=1000000ns period=1700000007599603666ns orig_exp=true
[INFO] kernel::process: === Process Table Dump ===
[INFO] kernel::process:   pid=1 state=Running is_thread=false parent_pid=0 rip=0x401ca7 rsp=0x7ffffffefa30 rax=0x323 rdi=0x7ffffffefaf0 rsi=0x20 fs_base=0x7ffffffefdf0 ticks=0
[INFO] kernel::process:   pid=2 state=Running is_thread=true parent_pid=1 rip=0x7fffe59a rsp=0x2d51fddc8 rax=0x47b rdi=0x42 rsi=0x2d51fff98 fs_base=0x2d6000000 ticks=0
[INFO] kernel::process:   pid=3 state=Running is_thread=true parent_pid=1 rip=0x7fffeef8 rsp=0x2e31fff88 rax=0x47b rdi=0x44 rsi=0x2e31fff98 fs_base=0x2e4000000 ticks=0
[INFO] kernel::process:   pid=4 state=Running is_thread=true parent_pid=1 rip=0x7fffeef8 rsp=0x2f11fff88 rax=0x47b rdi=0x46 rsi=0x2f11fff98 fs_base=0x2f2000000 ticks=0
[INFO] kernel::process:   pid=5 state=Running is_thread=true parent_pid=1 rip=0x7fffe398 rsp=0x33d00feb8 rax=0x3dd rdi=0x338000070 rsi=0x338000048 fs_base=0x33e000000 ticks=0
[INFO] kernel::process:   pid=6 state=Running is_thread=true parent_pid=1 rip=0x7fffe398 rsp=0x34300feb8 rax=0x3dd rdi=0x338000070 rsi=0x338000048 fs_base=0x344000000 ticks=0
[INFO] kernel::process:   pid=7 state=Running is_thread=true parent_pid=1 rip=0x7fffeef8 rsp=0x3630ffe58 rax=0x47b rdi=0x48 rsi=0x3630ffee0 fs_base=0x364000000 ticks=0
[INFO] kernel::process:   pid=8 state=Running is_thread=true parent_pid=1 rip=0x7fffe398 rsp=0x4550ff908 rax=0x3dd rdi=0x5e30003b8 rsi=0x5e3000388 fs_base=0x456000000 ticks=0
[INFO] kernel::process:   pid=9 state=Running is_thread=true parent_pid=1 rip=0x7fffe398 rsp=0x12cf0ff908 rax=0x3dd rdi=0x5e30003b8 rsi=0x5e3000388 fs_base=0x12d0000000 ticks=0
[INFO] kernel::process:   pid=10 state=Zombie is_thread=true parent_pid=1 rip=0x7ffff82a rsp=0x133b100000 rax=0x3e1 rdi=0x1339000040 rsi=0x39b000018 fs_base=0x133c000000 ticks=0
[INFO] kernel::process:   pid=11 state=Running is_thread=true parent_pid=1 rip=0x7fffe398 rsp=0xb3cf0ff4a8 rax=0x3dd rdi=0x5c0000040 rsi=0x5c0000010 fs_base=0xb3d0000000 ticks=0
[INFO] kernel::process:   pid=12 state=Running is_thread=true parent_pid=1 rip=0x7fffe3d8 rsp=0x10edf0ffa68 rax=0x3e1 rdi=0x10edd000040 rsi=0x39b000018 fs_base=0x10ee0000000 ticks=0
[INFO] kernel::syscall::trace: === Cond Wait States ===
[INFO] kernel::syscall::trace:   pid=5: Waiting { cond: 0x338000070 (val=1), mutex: 0x338000048 (val=0), seq: 1, timeout_ns: 0 }
[INFO] kernel::syscall::trace:   pid=6: Waiting { cond: 0x338000070 (val=1), mutex: 0x338000048 (val=0), seq: 1, timeout_ns: 0 }
[INFO] kernel::syscall::trace:   pid=8: Waiting { cond: 0x5e30003b8 (val=11), mutex: 0x5e3000388 (val=0), seq: 10, timeout_ns: 0 }
[INFO] kernel::syscall::trace:   pid=9: Waiting { cond: 0x5e30003b8 (val=11), mutex: 0x5e3000388 (val=0), seq: 10, timeout_ns: 0 }
[INFO] kernel::syscall::trace:   pid=11: Waiting { cond: 0x5c0000040 (val=16), mutex: 0x5c0000010 (val=0), seq: 15, timeout_ns: 0 }
[INFO] kernel::syscall::trace:   pid=12: Waiting { cond: 0x10edd000040 (val=0), mutex: 0x39b000018 (val=0), seq: 0, timeout_ns: 1700000015030255000 }
[INFO] kernel::process: ==========================
[embedder] post_task runner=0 task=18 now=17979d00fc60ff52 target=17979d00fc5fd3d8
[embedder] post_task runner=0 task=19 now=17979d00fc6fabd5 target=17979d00fc6e882a
[WARN] kernel::syscall::posix: [cond-broadcast] #307200 pid=2 cond=0x5d4000048 woke=0
[WARN] kernel::syscall::posix: [cond-broadcast-zero-wake] #307200 pid=2 cond=0x5d4000048 skip_bridge=true
[embedder] post_task runner=0 task=1a now=17979d00ffead5da target=17979d00ffe98dba
[WARN] kernel::syscall::poll: [tfd67-arm] #82 pid=2 delta=1000000ns period=1700000007600245000ns orig_exp=true
[WARN] kernel::syscall::posix: [cond-broadcast] #309248 pid=2 cond=0x5d8000048 woke=0
[WARN] kernel::syscall::poll: [tfd67-arm] #83 pid=2 delta=1000000ns period=1700000007600956666ns orig_exp=true
[WARN] kernel::syscall::poll: [tfd67-arm] #84 pid=2 delta=1000000ns period=1700000007601112000ns orig_exp=true
[WARN] kernel::syscall::poll: [tfd67-arm] #85 pid=2 delta=1000000ns period=1700000007601289666ns orig_exp=true
[WARN] kernel::syscall::poll: [tfd67-arm] #86 pid=2 delta=1000000ns period=1700000007601665666ns orig_exp=true
[WARN] kernel::syscall::poll: [tfd67-arm] #87 pid=2 delta=1000000ns period=1700000007609609333ns orig_exp=true
[WARN] kernel::syscall::poll: [tfd67-arm] #88 pid=2 delta=1000000ns period=1700000010006765000ns orig_exp=true
[WARN] kernel::syscall::poll: [tfd67-arm] #89 pid=2 delta=1000000ns period=1700000010007094666ns orig_exp=true
[WARN] kernel::syscall::poll: [tfd67-arm] #90 pid=2 delta=1000000ns period=1700000010007350666ns orig_exp=true
[WARN] kernel::syscall::poll: [tfd67-arm] #91 pid=2 delta=1000000ns period=1700000010007743333ns orig_exp=true
[WARN] kernel::syscall::poll: [tfd67-arm] #92 pid=2 delta=1000000ns period=1700000010007903000ns orig_exp=true
[WARN] kernel::syscall::poll: [tfd67-arm] #93 pid=2 delta=1000000ns period=1700000010008087333ns orig_exp=true
[WARN] kernel::syscall::poll: [tfd67-arm] #94 pid=2 delta=1000000ns period=1700000010008395666ns orig_exp=true
[WARN] kernel::syscall::poll: [tfd67-arm] #95 pid=2 delta=1000000ns period=1700000010022625333ns orig_exp=true
[WARN] kernel::syscall::poll: [tfd67-arm] #96 pid=2 delta=1000000ns period=1700000010028405333ns orig_exp=true
[WARN] kernel::syscall::poll: [tfd67-arm] #97 pid=2 delta=1000000ns period=1700000010367458333ns orig_exp=true
[WARN] kernel::syscall::handlers::engine: [vsync-baton-post] #1 pid=2 baton=0x15d38000010
[INFO] kernel::wm: [deliver-baton] #1 baton=0x15d38000010
[WARN] kernel::syscall::poll: [tfd67-arm] #98 pid=2 delta=1000000ns period=1700000010456840333ns orig_exp=true
[WARN] kernel::syscall::poll: [tfd67-arm] #99 pid=2 delta=1000000ns period=1700000010457238333ns orig_exp=true
[WARN] kernel::wm: [pop] #25 consumer_pid=1 returned_kind=1 b=1499883110416 qlen=1 ptr_in_q=0
[WARN] kernel::syscall::poll: [tfd67-arm] #100 pid=1 delta=1000000ns period=1700000010457532000ns orig_exp=true
[embedder] run_task runner=0 task=18 now=17979d0102596628
[embedder] run_task runner=0 task=19 now=17979d0102596628
[embedder] run_task runner=0 task=1a now=17979d0102596628
[embedder] schedule_frame begin startup
[WARN] kernel::syscall::poll: [tfd67-arm] #101 pid=1 delta=1000000ns period=1700000010457532000ns orig_exp=true
[embedder] schedule_frame end startup rc=0
[WARN] kernel::syscall::poll: [tfd67-arm] #102 pid=1 delta=1000000ns period=1700000010457532000ns orig_exp=true
[WARN] kernel::wm: [pop] #26 consumer_pid=1 returned_kind=1 b=0 qlen=0 ptr_in_q=0
[embedder] schedule_frame begin idle
[WARN] kernel::syscall::poll: [tfd67-arm] #103 pid=1 delta=1000000ns period=1700000010457532000ns orig_exp=true
[embedder] schedule_frame end idle rc=0
[WARN] kernel::wm: [pop] #27 consumer_pid=1 returned_kind=1 b=0 qlen=0 ptr_in_q=0
[WARN] kernel::syscall::handlers::ipc_display: [wm-wait-block] #26 pid=1 timeout_ms=16 deadline=1700000012032550333 pending=0 input=0 baton_due=false baton_queued=false
[WARN] kernel::syscall::handlers::ipc_display: [wm-wait-drain-before] #26 pid=1
[WARN] kernel::syscall::handlers::ipc_display: [wm-wait-drain-after] #26 pid=1 n=-11
[WARN] kernel::syscall::handlers::ipc_display: [wm-wait-xstate-before] #26 pid=1
[WARN] kernel::syscall::handlers::ipc_display: [wm-wait-xstate-after] #26 pid=1
[WARN] kernel::syscall::handlers::ipc_display: [wm-wait-post-save] #26 pid=1 pending=0 baton=false
[WARN] kernel::process: [sched-debug] next_runnable_pid(curr=1) -> Some(2)
[WARN] kernel::syscall::poll: [tfd67-arm] #104 pid=2 delta=1000000ns period=1700000010457532000ns orig_exp=true
[WARN] kernel::syscall::poll: [tfd67-arm] #105 pid=2 delta=1000000ns period=1700000010457740000ns orig_exp=true
[WARN] kernel::syscall::poll: [tfd67-arm] #106 pid=2 delta=1000000ns period=1700000010458099000ns orig_exp=true
[WARN] kernel::syscall::poll: [tfd67-arm] #107 pid=2 delta=1000000ns period=1700000010459384000ns orig_exp=true
[WARN] kernel::syscall::poll: [tfd67-arm] #108 pid=2 delta=1000000ns period=1700000012015474666ns orig_exp=true
[WARN] kernel::syscall::poll: [epoll-block] #45 pid=2 epfd=66 next=3 rip=0x7fffeefa
[WARN] kernel::syscall::handlers::fd: [tfd-read] pid=3 tfd=69 count=690
[WARN] kernel::syscall::handlers::engine: [frame-boundary] gpu_submit_strided #0 pid=3 sid=1 ptr=0x15d82000010 row_bytes=5120 sample=0xffffc107
[embedder] present_callback
[WARN] kernel::syscall::poll: [tfd67-arm] #109 pid=3 delta=1000000ns period=1700000012015474666ns orig_exp=true
[WARN] kernel::syscall::handlers::fd: [tfd-read] pid=3 tfd=69 count=1
[WARN] kernel::syscall::poll: [epoll-block] #46 pid=3 epfd=68 next=2 rip=0x7fffeefa
[WARN] kernel::syscall::handlers::fd: [tfd-read] pid=2 tfd=67 count=1
[WARN] kernel::syscall::poll: [tfd67-arm] #110 pid=2 delta=1000000ns period=1700000012015474666ns orig_exp=true
[WARN] kernel::syscall::poll: [tfd67-arm] #111 pid=2 delta=1000000ns period=1700000012015909000ns orig_exp=true
[WARN] kernel::syscall::poll: [tfd67-arm] #112 pid=2 delta=1000000ns period=1700000012015909000ns orig_exp=true
[WARN] kernel::syscall::poll: [tfd67-arm] #113 pid=2 delta=1000000ns period=1700000012016103000ns orig_exp=true
[WARN] kernel::syscall::poll: [tfd67-arm] #114 pid=2 delta=1000000ns period=1700000012016332666ns orig_exp=true
[WARN] kernel::syscall::poll: [tfd67-arm] #115 pid=2 delta=1000000ns period=1700000012044558000ns orig_exp=true
[WARN] kernel::syscall::posix: [cond-broadcast] #311296 pid=2 cond=0x5d7000048 woke=0
[WARN] kernel::syscall::posix: [cond-broadcast-zero-wake] #311296 pid=2 cond=0x5d4000048 skip_bridge=true
[WARN] kernel::syscall::poll: [tfd67-arm] #116 pid=2 delta=1000000ns period=1700000012045984666ns orig_exp=true
[WARN] kernel::syscall::poll: [epoll-block] #47 pid=2 epfd=66 next=3 rip=0x7fffeefa
[WARN] kernel::syscall::handlers::fd: [tfd-read] pid=3 tfd=69 count=110
[WARN] kernel::syscall::poll: [epoll70-enter] #27 pid=4 to=4294967295 rip=0x7fffeefa
[WARN] kernel::syscall::handlers::fd: [tfd-read] pid=4 tfd=71 count=5966
[WARN] kernel::syscall::poll: [epoll70-enter] #28 pid=4 to=4294967295 rip=0x7fffeefa
[WARN] kernel::syscall::poll: [epoll70-empty] #14 pid=4 no-ready
[WARN] kernel::syscall::poll: [epoll72-enter] #16 pid=7 epfd=72 max=16 to=4294967295 watched=[(4, 1, 0), (73, 1, 73)]
[WARN] kernel::syscall::poll: [epoll72-ready-fast] #8 pid=7 epfd=72 ready=2 ev=0x1 data=0x0
[WARN] kernel::syscall::handlers::fd: [tfd-read] pid=7 tfd=73 count=5966
[WARN] kernel::syscall::poll: [epoll72-enter] #17 pid=7 epfd=72 max=16 to=4294967295 watched=[(4, 1, 0), (73, 1, 73)]
[WARN] kernel::wm: [pop] #28 consumer_pid=1 returned_kind=1 b=0 qlen=0 ptr_in_q=0
[embedder] schedule_frame begin idle
[WARN] kernel::syscall::poll: [tfd67-arm] #117 pid=1 delta=1000000ns period=1700000012045984666ns orig_exp=true
[embedder] schedule_frame end idle rc=0
[WARN] kernel::wm: [pop] #29 consumer_pid=1 returned_kind=1 b=0 qlen=0 ptr_in_q=0
[WARN] kernel::syscall::handlers::ipc_display: [wm-wait-block] #27 pid=1 timeout_ms=16 deadline=1700000012099399666 pending=0 input=0 baton_due=false baton_queued=false
[WARN] kernel::syscall::handlers::ipc_display: [wm-wait-drain-before] #27 pid=1
[WARN] kernel::syscall::handlers::ipc_display: [wm-wait-drain-after] #27 pid=1 n=-11
[WARN] kernel::syscall::handlers::ipc_display: [wm-wait-xstate-before] #27 pid=1
[WARN] kernel::syscall::handlers::ipc_display: [wm-wait-xstate-after] #27 pid=1
[WARN] kernel::syscall::handlers::ipc_display: [wm-wait-post-save] #27 pid=1 pending=0 baton=false
[WARN] kernel::process: [sched-debug] next_runnable_pid(curr=1) -> Some(2)
[WARN] kernel::syscall::handlers::ipc_display: [wm-wait-block] #28 pid=1 timeout_ms=16 deadline=1700000012099399666 pending=0 input=0 baton_due=false baton_queued=false
[WARN] kernel::syscall::handlers::ipc_display: [wm-wait-drain-before] #28 pid=1
[WARN] kernel::syscall::handlers::ipc_display: [wm-wait-drain-after] #28 pid=1 n=-11
[WARN] kernel::syscall::handlers::ipc_display: [wm-wait-xstate-before] #28 pid=1
[WARN] kernel::syscall::handlers::ipc_display: [wm-wait-xstate-after] #28 pid=1
[WARN] kernel::syscall::handlers::ipc_display: [wm-wait-post-save] #28 pid=1 pending=0 baton=false
[WARN] kernel::process: [sched-debug] next_runnable_pid(curr=1) -> Some(5)
[WARN] kernel::syscall::handlers::ipc_display: [wm-wait-block] #29 pid=1 timeout_ms=16 deadline=1700000012099399666 pending=0 input=0 baton_due=false baton_queued=false
[WARN] kernel::syscall::handlers::ipc_display: [wm-wait-drain-before] #29 pid=1
[WARN] kernel::syscall::handlers::ipc_display: [wm-wait-drain-after] #29 pid=1 n=-11
[WARN] kernel::syscall::handlers::ipc_display: [wm-wait-xstate-before] #29 pid=1
[WARN] kernel::syscall::handlers::ipc_display: [wm-wait-xstate-after] #29 pid=1
[WARN] kernel::syscall::handlers::ipc_display: [wm-wait-post-save] #29 pid=1 pending=0 baton=false
[WARN] kernel::process: [sched-debug] next_runnable_pid(curr=1) -> Some(2)
[WARN] kernel::syscall::handlers::fd: [tfd-read] pid=2 tfd=67 count=1
[WARN] kernel::syscall::poll: [tfd67-arm] #118 pid=2 delta=1000000ns period=1700000012045984666ns orig_exp=true
[WARN] kernel::syscall::handlers::futex: [futex-target-wake] #4 caller=2 addr=0x338000070 waking_pid=5
[WARN] kernel::syscall::handlers::futex: [engine-bcast-storm] #3 pid=2 cond=0x25c000040 storm_wakes=1
[WARN] kernel::syscall::posix: [cond-broadcast] #313344 pid=2 cond=0x5d4000048 woke=0
[WARN] kernel::syscall::posix: [cond-broadcast] #315392 pid=2 cond=0x5d4000048 woke=0
[WARN] kernel::syscall::posix: [cond-broadcast-zero-wake] #315392 pid=2 cond=0x5d4000048 skip_bridge=true
[WARN] kernel::syscall::posix: [cond-broadcast] #317440 pid=2 cond=0x5d4000048 woke=0
[WARN] kernel::syscall::posix: [cond-broadcast] #319488 pid=2 cond=0x5bd000048 woke=0
[WARN] kernel::syscall::posix: [cond-broadcast-zero-wake] #319488 pid=2 cond=0x5bd000048 skip_bridge=true
[WARN] kernel::syscall::posix: [cond-broadcast] #321536 pid=2 cond=0x5bd000048 woke=0
[WARN] kernel::syscall::posix: [cond-broadcast] #323584 pid=2 cond=0x5d4000048 woke=0
[WARN] kernel::syscall::posix: [cond-broadcast-zero-wake] #323584 pid=2 cond=0x5d4000048 skip_bridge=true
[WARN] kernel::syscall::posix: [cond-broadcast] #325632 pid=2 cond=0x5d9000040 woke=0
[WARN] kernel::syscall::posix: [cond-broadcast] #327680 pid=2 cond=0x5d9000040 woke=0
[WARN] kernel::syscall::posix: [cond-broadcast-zero-wake] #327680 pid=2 cond=0x5d8000048 skip_bridge=true
[WARN] kernel::syscall::posix: [cond-broadcast] #329728 pid=2 cond=0x5d9000040 woke=0
[WARN] kernel::syscall::poll: [tfd67-arm] #119 pid=2 delta=1000000ns period=1700000012083157000ns orig_exp=true
[WARN] kernel::syscall::poll: [tfd67-arm] #120 pid=2 delta=1000000ns period=1700000012083157000ns orig_exp=true
[WARN] kernel::syscall::poll: [tfd67-arm] #121 pid=2 delta=1000000ns period=1700000012083157000ns orig_exp=true
[WARN] kernel::syscall::poll: [tfd67-arm] #122 pid=2 delta=1000000ns period=1700000012414208333ns orig_exp=true
[WARN] kernel::syscall::poll: [tfd67-arm] #123 pid=2 delta=1000000ns period=1700000012414208333ns orig_exp=true
[WARN] kernel::syscall::handlers::fd: [tfd-read] pid=3 tfd=69 count=2
[WARN] kernel::syscall::handlers::engine: [frame-boundary] gpu_submit_strided #1 pid=3 sid=1 ptr=0x15d82000010 row_bytes=5120 sample=0xffffc107
[embedder] present_callback
[WARN] kernel::syscall::handlers::fd: [tfd-read] pid=2 tfd=67 count=1
[WARN] kernel::syscall::poll: [tfd67-arm] #124 pid=2 delta=1000000ns period=1700000012414208333ns orig_exp=true
[WARN] kernel::syscall::handlers::engine: [vsync-baton-post] #2 pid=2 baton=0x16804000010
[INFO] kernel::wm: [deliver-baton] #2 baton=0x16804000010
[WARN] kernel::syscall::poll: [tfd67-arm] #125 pid=2 delta=37498667ns period=1700000012463814333ns orig_exp=false
[WARN] kernel::wm: [pop] #30 consumer_pid=1 returned_kind=1 b=1546255335440 qlen=1 ptr_in_q=0
[WARN] kernel::syscall::poll: [tfd67-arm] #126 pid=1 delta=1000000ns period=1700000012426570000ns orig_exp=true
[WARN] kernel::wm: [pop] #31 consumer_pid=1 returned_kind=1 b=0 qlen=0 ptr_in_q=0
[embedder] schedule_frame begin idle
[WARN] kernel::syscall::poll: [tfd67-arm] #127 pid=1 delta=1000000ns period=1700000012426570000ns orig_exp=true
[embedder] schedule_frame end idle rc=0
[WARN] kernel::wm: [pop] #32 consumer_pid=1 returned_kind=1 b=0 qlen=0 ptr_in_q=0
[WARN] kernel::syscall::handlers::ipc_display: [wm-wait-block] #30 pid=1 timeout_ms=16 deadline=1700000012442981666 pending=0 input=0 baton_due=false baton_queued=false
[WARN] kernel::syscall::handlers::ipc_display: [wm-wait-drain-before] #30 pid=1
[WARN] kernel::syscall::handlers::ipc_display: [wm-wait-drain-after] #30 pid=1 n=-11
[WARN] kernel::syscall::handlers::ipc_display: [wm-wait-xstate-before] #30 pid=1
[WARN] kernel::syscall::handlers::ipc_display: [wm-wait-xstate-after] #30 pid=1
[WARN] kernel::syscall::handlers::ipc_display: [wm-wait-post-save] #30 pid=1 pending=0 baton=false
[WARN] kernel::process: [sched-debug] next_runnable_pid(curr=1) -> Some(2)
[WARN] kernel::syscall::poll: [epoll70-enter] #29 pid=4 to=4294967295 rip=0x7fffeefa
[WARN] kernel::syscall::handlers::fd: [tfd-read] pid=4 tfd=71 count=1483
[WARN] kernel::syscall::poll: [epoll70-enter] #30 pid=4 to=4294967295 rip=0x7fffeefa
[WARN] kernel::syscall::poll: [epoll70-empty] #15 pid=4 no-ready
[WARN] kernel::syscall::poll: [epoll72-enter] #18 pid=7 epfd=72 max=16 to=4294967295 watched=[(4, 1, 0), (73, 1, 73)]
[WARN] kernel::syscall::poll: [epoll72-ready-fast] #9 pid=7 epfd=72 ready=1 ev=0x1 data=0x49
[WARN] kernel::syscall::handlers::fd: [tfd-read] pid=7 tfd=73 count=1484
[WARN] kernel::syscall::poll: [tfd67-arm] #128 pid=7 delta=1000000ns period=1700000012426570000ns orig_exp=true
[WARN] kernel::syscall::poll: [epoll72-enter] #19 pid=7 epfd=72 max=16 to=4294967295 watched=[(4, 1, 0), (73, 1, 73)]
[WARN] kernel::syscall::handlers::ipc_display: [wm-wait-block] #31 pid=1 timeout_ms=16 deadline=1700000012442981666 pending=0 input=0 baton_due=false baton_queued=false
[WARN] kernel::syscall::handlers::ipc_display: [wm-wait-drain-before] #31 pid=1
[WARN] kernel::syscall::handlers::ipc_display: [wm-wait-drain-after] #31 pid=1 n=-11
[WARN] kernel::syscall::handlers::ipc_display: [wm-wait-xstate-before] #31 pid=1
[WARN] kernel::syscall::handlers::ipc_display: [wm-wait-xstate-after] #31 pid=1
[WARN] kernel::syscall::handlers::ipc_display: [wm-wait-post-save] #31 pid=1 pending=0 baton=false
[WARN] kernel::process: [sched-debug] next_runnable_pid(curr=1) -> Some(5)
[WARN] kernel::process: [sched-debug] next_runnable_pid(curr=1) -> Some(6)
[WARN] kernel::process: [sched-debug] next_runnable_pid(curr=1) -> Some(8)
[WARN] kernel::process: [enter-user-89] #9 pid=8 rip=0x7fffe398 rsp=0x4550ff908 fs=0x456000000 preempted=false errno=0
[WARN] kernel::syscall::posix: [cond-signal] #41 pid=8 cond=0x5c5000060 woke=0
[WARN] kernel::syscall::poll: [tfd67-arm] #129 pid=8 delta=1000000ns period=1700000012426570000ns orig_exp=true
[WARN] kernel::syscall::posix: [startup-mutex] acquire #29 pid=8 mutex=0x39b000018 rip=0x7fffe2fa
[WARN] kernel::syscall::posix: [timedwait] #8 pid=8 cond=0x453000040 mutex=0x39b000018 timeout_ns=1700000017431998333 now=1700000012431999666
[WARN] kernel::process: [sched-debug] next_runnable_pid(curr=1) -> Some(9)
[WARN] kernel::process: [enter-user-89] #10 pid=9 rip=0x7fffe398 rsp=0x12cf0ff908 fs=0x12d0000000 preempted=false errno=0
[INFO] kernel::syscall::handlers::futex: [cond-bridge-sib] #15 cond=0x5c5000060 -> futex=0x453000040 wake_count=1 bridged=1
[WARN] kernel::syscall::posix: [cond-signal-bridged] #9 pid=9 cond=0x5c5000060 woke=0 bridged=1
[WARN] kernel::syscall::posix: [cond-signal] #42 pid=9 cond=0x5c5000060 woke=0
[WARN] kernel::syscall::poll: [tfd67-arm] #130 pid=9 delta=1000000ns period=1700000012426570000ns orig_exp=true
[WARN] kernel::syscall::posix: [startup-mutex] acquire #30 pid=9 mutex=0x39b000018 rip=0x7fffe2fa
[WARN] kernel::syscall::posix: [timedwait] #9 pid=9 cond=0x12cd000040 mutex=0x39b000018 timeout_ns=1700000017432736666 now=1700000012432737000
[WARN] kernel::wm: [pop] #33 consumer_pid=1 returned_kind=1 b=0 qlen=0 ptr_in_q=0
[embedder] schedule_frame begin idle
[WARN] kernel::syscall::poll: [tfd67-arm] #131 pid=1 delta=1000000ns period=1700000012426570000ns orig_exp=true
[embedder] schedule_frame end idle rc=0
[WARN] kernel::wm: [pop] #34 consumer_pid=1 returned_kind=1 b=0 qlen=0 ptr_in_q=0
[WARN] kernel::process: [sched-debug] next_runnable_pid(curr=1) -> Some(2)
[WARN] kernel::process: [sched-debug] next_runnable_pid(curr=1) -> Some(8)
[WARN] kernel::process: [enter-user-89] #11 pid=8 rip=0x7fffe3d8 rsp=0x4550ffa68 fs=0x456000000 preempted=false errno=0
[WARN] kernel::syscall::posix: [timedwait] #10 pid=8 cond=0x453000040 mutex=0x39b000018 timeout_ns=1700000017431998333 now=1700000012433368666
[WARN] kernel::process: [sched-debug] next_runnable_pid(curr=1) -> Some(11)
[WARN] kernel::syscall::handlers::futex: [futex-target-wake] #5 caller=11 addr=0x338000070 waking_pid=5
[WARN] kernel::syscall::handlers::futex: [futex-target-wake] #5 caller=11 addr=0x338000070 waking_pid=6
[WARN] kernel::syscall::handlers::futex: [engine-bcast-storm] #4 pid=11 cond=0x5d4000048 storm_wakes=4
[WARN] kernel::syscall::posix: [cond-signal] #43 pid=11 cond=0x136e0000f0 woke=0
[WARN] kernel::syscall::posix: [startup-mutex] acquire #31 pid=11 mutex=0x39b000018 rip=0x7fffe2fa
[WARN] kernel::syscall::posix: [cond-signal] #44 pid=11 cond=0x12cd000040 woke=0
[WARN] kernel::syscall::posix: [cond-signal] #45 pid=11 cond=0x136e000298 woke=0
[WARN] kernel::syscall::posix: [cond-signal] #46 pid=11 cond=0x5c5000060 woke=0
[WARN] kernel::syscall::posix: [cond-signal] #47 pid=11 cond=0x12cd000040 woke=0
[WARN] kernel::syscall::posix: [cond-signal] #48 pid=11 cond=0x12cd000040 woke=0
[WARN] kernel::process: [spawn_thread] alloc stack_va=0x16838000000 pages=256
[WARN] kernel::process: [spawn_thread] tid=13 tls_va=0x16839000000 arg=0x16837000010
[INFO] kernel::process: [Process] Thread tid=13 spawned in pid=1 entry=0x338ed10 tls=0x16839000000
[WARN] kernel::syscall::handlers::futex: [thread-create] spawned child=13 entry=0x338ed10
[DEBUG] kernel::syscall::dispatch: [pthread_getattr_np] tid=13 base=0x16838000000 size=0x100000
[DEBUG] kernel::syscall::posix: [pthread_attr_getstack] tid=13 base=0x16838000000 size=0x100000
[WARN] kernel::syscall::posix: [cond-signal] #49 pid=13 cond=0x12cd000040 woke=0
[WARN] kernel::syscall::posix: [cond-signal] #50 pid=13 cond=0x12cd000040 woke=0
[WARN] kernel::syscall::posix: [cond-signal] #51 pid=13 cond=0x12cd000040 woke=0
[WARN] kernel::process: [sched-debug] next_runnable_pid(curr=13) -> Some(1)
[WARN] kernel::wm: [pop] #35 consumer_pid=1 returned_kind=1 b=0 qlen=0 ptr_in_q=0
[embedder] schedule_frame begin idle
[WARN] kernel::syscall::poll: [tfd67-arm] #132 pid=1 delta=1000000ns period=1700000012426570000ns orig_exp=true
[embedder] schedule_frame end idle rc=0
[WARN] kernel::wm: [pop] #36 consumer_pid=1 returned_kind=1 b=0 qlen=0 ptr_in_q=0
[WARN] kernel::process: [sched-debug] next_runnable_pid(curr=1) -> Some(2)
[WARN] kernel::syscall::handlers::fd: [tfd-read] pid=3 tfd=69 count=5
[WARN] kernel::syscall::poll: [epoll70-enter] #31 pid=4 to=4294967295 rip=0x7fffeefa
[WARN] kernel::syscall::handlers::fd: [tfd-read] pid=4 tfd=71 count=5
[WARN] kernel::syscall::poll: [epoll70-enter] #32 pid=4 to=4294967295 rip=0x7fffeefa
[WARN] kernel::syscall::poll: [epoll70-empty] #16 pid=4 no-ready
[WARN] kernel::syscall::poll: [epoll72-enter] #20 pid=7 epfd=72 max=16 to=4294967295 watched=[(4, 1, 0), (73, 1, 73)]
[WARN] kernel::syscall::poll: [epoll72-ready-fast] #10 pid=7 epfd=72 ready=1 ev=0x1 data=0x49
[WARN] kernel::syscall::handlers::fd: [tfd-read] pid=7 tfd=73 count=5
[WARN] kernel::syscall::poll: [epoll72-enter] #21 pid=7 epfd=72 max=16 to=4294967295 watched=[(4, 1, 0), (73, 1, 73)]
[WARN] kernel::process: [sched-debug] next_runnable_pid(curr=1) -> Some(5)
[WARN] kernel::process: [sched-debug] next_runnable_pid(curr=1) -> Some(6)
[WARN] kernel::process: [sched-debug] next_runnable_pid(curr=1) -> Some(8)
[WARN] kernel::process: [enter-user-89] #12 pid=8 rip=0x7fffe3d8 rsp=0x4550ffa68 fs=0x456000000 preempted=false errno=0
[WARN] kernel::syscall::posix: [timedwait] #11 pid=8 cond=0x453000040 mutex=0x39b000018 timeout_ns=1700000017431998333 now=1700000012453643333
[WARN] kernel::process: [sched-debug] next_runnable_pid(curr=1) -> Some(2)
[WARN] kernel::syscall::handlers::fd: [tfd-read] pid=2 tfd=67 count=1
[WARN] kernel::syscall::poll: [tfd67-arm] #133 pid=2 delta=1000000ns period=1700000012426570000ns orig_exp=true
[WARN] kernel::syscall::poll: [tfd67-arm] #134 pid=2 delta=1000000ns period=1700000012426801333ns orig_exp=true
[WARN] kernel::syscall::poll: [tfd67-arm] #135 pid=2 delta=1000000ns period=1700000012426801333ns orig_exp=true
[WARN] kernel::syscall::poll: [tfd67-arm] #136 pid=2 delta=1000000ns period=1700000012432941333ns orig_exp=true
[WARN] kernel::syscall::poll: [tfd67-arm] #137 pid=2 delta=1000000ns period=1700000012452604333ns orig_exp=true
[WARN] kernel::syscall::poll: [tfd67-arm] #138 pid=2 delta=1000000ns period=1700000012453969333ns orig_exp=true
[WARN] kernel::process: [sched-debug] next_runnable_pid(curr=1) -> Some(9)
[WARN] kernel::process: [enter-user-89] #13 pid=9 rip=0x7fffe3d8 rsp=0x12cf0ffa68 fs=0x12d0000000 preempted=false errno=0
[WARN] kernel::syscall::posix: [timedwait] #12 pid=9 cond=0x12cd000040 mutex=0x39b000018 timeout_ns=1700000017432736666 now=1700000012454720333
[WARN] kernel::syscall::posix: [timedwait] #13 pid=9 cond=0x12cd000040 mutex=0x39b000018 timeout_ns=1700000017432737333 now=1700000012454822000
[WARN] kernel::process: [sched-debug] next_runnable_pid(curr=1) -> Some(11)
[WARN] kernel::syscall::handlers::futex: [futex-target-wake] #6 caller=13 addr=0x338000070 waking_pid=5
[WARN] kernel::syscall::handlers::futex: [futex-target-wake] #6 caller=13 addr=0x338000070 waking_pid=6
[WARN] kernel::syscall::handlers::futex: [engine-bcast-storm] #5 pid=13 cond=0x5d4000048 storm_wakes=4
[WARN] kernel::syscall::posix: [cond-signal] #52 pid=13 cond=0x12cd000040 woke=0
[WARN] kernel::syscall::posix: [cond-signal] #53 pid=13 cond=0x12cd000040 woke=0
[WARN] kernel::syscall::posix: [cond-signal] #54 pid=13 cond=0x12cd000040 woke=0
[WARN] kernel::syscall::posix: [timedwait] #14 pid=13 cond=0x16836000040 mutex=0x39b000018 timeout_ns=1700000017482777000 now=1700000012482777666
[WARN] kernel::wm: [pop] #37 consumer_pid=1 returned_kind=1 b=0 qlen=0 ptr_in_q=0
[embedder] schedule_frame begin idle
[WARN] kernel::syscall::poll: [tfd67-arm] #139 pid=1 delta=1000000ns period=1700000012453969333ns orig_exp=true
[embedder] schedule_frame end idle rc=0
[WARN] kernel::wm: [pop] #38 consumer_pid=1 returned_kind=1 b=0 qlen=0 ptr_in_q=0
[WARN] kernel::process: [sched-debug] next_runnable_pid(curr=1) -> Some(2)
[WARN] kernel::syscall::handlers::fd: [tfd-read] pid=3 tfd=69 count=26
[WARN] kernel::syscall::poll: [epoll70-enter] #33 pid=4 to=4294967295 rip=0x7fffeefa
[WARN] kernel::syscall::handlers::fd: [tfd-read] pid=4 tfd=71 count=26
[WARN] kernel::syscall::poll: [epoll70-enter] #34 pid=4 to=4294967295 rip=0x7fffeefa
[WARN] kernel::syscall::poll: [epoll70-empty] #17 pid=4 no-ready
[WARN] kernel::syscall::poll: [epoll72-enter] #22 pid=7 epfd=72 max=16 to=4294967295 watched=[(4, 1, 0), (73, 1, 73)]
[WARN] kernel::syscall::poll: [epoll72-ready-fast] #11 pid=7 epfd=72 ready=1 ev=0x1 data=0x49
[WARN] kernel::syscall::handlers::fd: [tfd-read] pid=7 tfd=73 count=26
[WARN] kernel::syscall::poll: [epoll72-enter] #23 pid=7 epfd=72 max=16 to=4294967295 watched=[(4, 1, 0), (73, 1, 73)]
[WARN] kernel::process: [sched-debug] next_runnable_pid(curr=1) -> Some(5)
[WARN] kernel::process: [sched-debug] next_runnable_pid(curr=1) -> Some(6)
[WARN] kernel::process: [sched-debug] next_runnable_pid(curr=1) -> Some(8)
[WARN] kernel::process: [enter-user-89] #14 pid=8 rip=0x7fffe3d8 rsp=0x4550ffa68 fs=0x456000000 preempted=false errno=0
[WARN] kernel::syscall::posix: [timedwait] #15 pid=8 cond=0x453000040 mutex=0x39b000018 timeout_ns=1700000017431998333 now=1700000012484159333
[WARN] kernel::process: [sched-debug] next_runnable_pid(curr=1) -> Some(2)
[WARN] kernel::syscall::handlers::fd: [tfd-read] pid=2 tfd=67 count=1
[WARN] kernel::syscall::poll: [tfd67-arm] #140 pid=2 delta=1000000ns period=1700000012453969333ns orig_exp=true
[WARN] kernel::syscall::poll: [tfd67-arm] #141 pid=2 delta=1000000ns period=1700000012463814333ns orig_exp=true
[WARN] kernel::syscall::poll: [tfd67-arm] #142 pid=2 delta=1000000ns period=1700000012428181000ns orig_exp=true
[WARN] kernel::syscall::poll: [tfd67-arm] #143 pid=2 delta=1000000ns period=1700000012428181000ns orig_exp=true
[WARN] kernel::syscall::handlers::futex: [futex-target-wake] #7 caller=2 addr=0x338000070 waking_pid=5
[WARN] kernel::syscall::handlers::futex: [futex-target-wake] #7 caller=2 addr=0x338000070 waking_pid=6
[WARN] kernel::syscall::handlers::futex: [engine-bcast-storm] #6 pid=2 cond=0x5d4000048 storm_wakes=4
flutter: [shell-ui] smoke_boot_start
[WARN] kernel::syscall::posix: [cond-broadcast] #331776 pid=2 cond=0x5d4000048 woke=0
[WARN] kernel::syscall::posix: [cond-broadcast-zero-wake] #331776 pid=2 cond=0x5d4000048 skip_bridge=true
flutter: [shell-ui] smoke_request x=1186 y=40
[embedder] post_task runner=0 task=1b now=17979d012006ddfa target=17979d012006195d
[WARN] kernel::syscall::handlers::fd: [write-trace] pid=2 fd=5 len=24
[WARN] kernel::syscall::handlers::fd: [pipe-write] #5 pid=2 fd=5 pipe_id=0 req_len=24 wrote=24 pipe_len=24 free_before=4096
[WARN] kernel::syscall::handlers::fd: [write-trace] pid=2 fd=5 len=24
[WARN] kernel::syscall::handlers::fd: [pipe-write] #6 pid=2 fd=5 pipe_id=0 req_len=24 wrote=24 pipe_len=48 free_before=4072
[WARN] kernel::syscall::poll: [tfd67-arm] #144 pid=2 delta=1000000ns period=1700000012431811333ns orig_exp=true
[WARN] kernel::syscall::poll: [tfd67-arm] #145 pid=2 delta=1000000ns period=1700000012432580666ns orig_exp=true
[WARN] kernel::syscall::poll: [tfd67-arm] #146 pid=2 delta=1000000ns period=1700000012463814333ns orig_exp=true
[WARN] kernel::syscall::posix: [cond-signal] #55 pid=2 cond=0x16836000040 woke=0
[WARN] kernel::syscall::posix: [cond-signal] #56 pid=2 cond=0x5e3000080 woke=0
[WARN] kernel::syscall::poll: [tfd67-arm] #147 pid=2 delta=1000000ns period=1700000012483045000ns orig_exp=true
[WARN] kernel::syscall::poll: [tfd67-arm] #148 pid=2 delta=1000000ns period=1700000012519774666ns orig_exp=true
[WARN] kernel::syscall::poll: [tfd67-arm] #149 pid=2 delta=1000000ns period=1700000012519774666ns orig_exp=true
[WARN] kernel::syscall::handlers::fd: [tfd-read] pid=3 tfd=69 count=145
[WARN] kernel::syscall::handlers::engine: [frame-boundary] gpu_submit_strided #2 pid=3 sid=1 ptr=0x15d82000010 row_bytes=5120 sample=0xffffc107
[embedder] present_callback
[WARN] kernel::syscall::handlers::fd: [tfd-read] pid=2 tfd=67 count=1
[WARN] kernel::syscall::poll: [tfd67-arm] #150 pid=2 delta=1000000ns period=1700000012519774666ns orig_exp=true
[WARN] kernel::syscall::handlers::engine: [vsync-baton-post] #3 pid=2 baton=0x16b96000010
[INFO] kernel::wm: [deliver-baton] #3 baton=0x16b96000010
[WARN] kernel::syscall::poll: [tfd67-arm] #151 pid=2 delta=5928000ns period=1700000012537343666ns orig_exp=false
[WARN] kernel::wm: [pop] #39 consumer_pid=1 returned_kind=1 b=1561589710864 qlen=1 ptr_in_q=0
[WARN] kernel::syscall::poll: [tfd67-arm] #152 pid=1 delta=1000000ns period=1700000012531567000ns orig_exp=true
[embedder] run_task runner=0 task=1b now=17979d01211bfb62
[embedder/shell] platform message
[embedder/shell] debug tap x=1186 y=40
[WARN] kernel::wm: [ptr-route] #0 x=1186 y=40 buttons=1 focus=1 bypass=false
[WARN] kernel::wm: [push-ptr] #0 owner=1 flags=1 qlen=2 waiter=0
[WARN] kernel::wm: [ptr-route] #1 x=1186 y=40 buttons=0 focus=1 bypass=false
[WARN] kernel::wm: [push-ptr] #1 owner=1 flags=0 qlen=3 waiter=0
[embedder/shell] dispatch reply len=11
[WARN] kernel::syscall::poll: [tfd67-arm] #153 pid=1 delta=1000000ns period=1700000012531567000ns orig_exp=true
[WARN] kernel::wm: [pop] #40 consumer_pid=1 returned_kind=2 b=0 qlen=2 ptr_in_q=1
[WARN] kernel::wm: [ptr-pop] #0 DELIVERED pointer to pid=1 flags=1
[embedder/ptr] buttons=1 x=1186 y=40
[WARN] kernel::syscall::poll: [tfd67-arm] #154 pid=1 delta=1000000ns period=1700000012531567000ns orig_exp=true
[WARN] kernel::syscall::poll: [tfd67-arm] #155 pid=1 delta=1000000ns period=1700000012531567000ns orig_exp=true
[embedder/ptr] sent phase=2
[WARN] kernel::wm: [pop] #41 consumer_pid=1 returned_kind=2 b=0 qlen=1 ptr_in_q=0
[WARN] kernel::wm: [ptr-pop] #1 DELIVERED pointer to pid=1 flags=0
[embedder/ptr] buttons=0 x=1186 y=40
[WARN] kernel::syscall::poll: [tfd67-arm] #156 pid=1 delta=1000000ns period=1700000012531567000ns orig_exp=true
[embedder/ptr] sent phase=1
[WARN] kernel::wm: [pop] #42 consumer_pid=1 returned_kind=1 b=0 qlen=0 ptr_in_q=0
[embedder] schedule_frame begin idle
[WARN] kernel::syscall::poll: [tfd67-arm] #157 pid=1 delta=1000000ns period=1700000012531567000ns orig_exp=true
[embedder] schedule_frame end idle rc=0
[WARN] kernel::wm: [pop] #43 consumer_pid=1 returned_kind=1 b=0 qlen=0 ptr_in_q=0
[WARN] kernel::process: [sched-debug] next_runnable_pid(curr=1) -> Some(2)
[WARN] kernel::syscall::handlers::fd: [tfd-read] pid=3 tfd=69 count=1
[WARN] kernel::syscall::poll: [tfd67-arm] #158 pid=3 delta=1000000ns period=1700000012531567000ns orig_exp=true
[WARN] kernel::syscall::poll: [epoll70-enter] #35 pid=4 to=4294967295 rip=0x7fffeefa
[WARN] kernel::syscall::handlers::fd: [tfd-read] pid=4 tfd=71 count=144
[WARN] kernel::syscall::poll: [epoll70-enter] #36 pid=4 to=4294967295 rip=0x7fffeefa
[WARN] kernel::syscall::poll: [epoll70-empty] #18 pid=4 no-ready
[WARN] kernel::syscall::poll: [epoll72-ready-fast] #12 pid=7 epfd=72 ready=2 ev=0x1 data=0x0
[WARN] kernel::syscall::handlers::fd: [tfd-read] pid=7 tfd=73 count=144
[WARN] kernel::process: [sched-debug] next_runnable_pid(curr=1) -> Some(5)
[WARN] kernel::process: [sched-debug] next_runnable_pid(curr=1) -> Some(6)
[WARN] kernel::process: [sched-debug] next_runnable_pid(curr=1) -> Some(8)
[WARN] kernel::process: [enter-user-89] #15 pid=8 rip=0x7fffe3d8 rsp=0x4550ffa68 fs=0x456000000 preempted=false errno=0
[WARN] kernel::syscall::posix: [timedwait] #16 pid=8 cond=0x453000040 mutex=0x39b000018 timeout_ns=1700000017431998333 now=1700000012534725000
[WARN] kernel::process: [sched-debug] next_runnable_pid(curr=1) -> Some(9)
[WARN] kernel::process: [enter-user-89] #16 pid=9 rip=0x7fffe3d8 rsp=0x12cf0ffa68 fs=0x12d0000000 preempted=false errno=0
[WARN] kernel::syscall::posix: [timedwait] #17 pid=9 cond=0x12cd000040 mutex=0x39b000018 timeout_ns=1700000017432737333 now=1700000012534967000
[WARN] kernel::syscall::posix: [timedwait] #18 pid=9 cond=0x12cd000040 mutex=0x39b000018 timeout_ns=1700000017535075333 now=1700000012535077000
[WARN] kernel::process: [sched-debug] next_runnable_pid(curr=1) -> Some(2)
[WARN] kernel::syscall::handlers::fd: [tfd-read] pid=2 tfd=67 count=1
[WARN] kernel::syscall::poll: [tfd67-arm] #159 pid=2 delta=1000000ns period=1700000012531567000ns orig_exp=true
[WARN] kernel::syscall::poll: [tfd67-arm] #160 pid=2 delta=1000000ns period=1700000012532289333ns orig_exp=true
[WARN] kernel::syscall::poll: [tfd67-arm] #161 pid=2 delta=1000000ns period=1700000012532289333ns orig_exp=true
flutter: [shell-ui] smoke_reply raw={"ok":true}
[WARN] kernel::syscall::handlers::futex: [futex-target-wake] #8 caller=2 addr=0x338000070 waking_pid=5
[WARN] kernel::syscall::handlers::futex: [futex-target-wake] #8 caller=2 addr=0x338000070 waking_pid=6
[WARN] kernel::syscall::handlers::futex: [engine-bcast-storm] #7 pid=2 cond=0x25c000040 storm_wakes=4
[WARN] kernel::syscall::poll: [tfd67-arm] #162 pid=2 delta=1000000ns period=1700000012532791666ns orig_exp=true
[WARN] kernel::syscall::handlers::engine: [vsync-baton-post] #4 pid=2 baton=0x16bf2000010
[INFO] kernel::wm: [deliver-baton] #4 baton=0x16bf2000010
[WARN] kernel::wm: [pop] #44 consumer_pid=1 returned_kind=1 b=1563133214736 qlen=0 ptr_in_q=0
[WARN] kernel::syscall::poll: [tfd67-arm] #163 pid=1 delta=1000000ns period=1700000012533019666ns orig_exp=true
[WARN] kernel::process: [sched-debug] next_runnable_pid(curr=1) -> Some(2)
[WARN] kernel::syscall::posix: [cond-broadcast] #333824 pid=2 cond=0x5d4000048 woke=0
[WARN] kernel::syscall::posix: [cond-broadcast] #335872 pid=2 cond=0x5d4000048 woke=0
[WARN] kernel::syscall::posix: [cond-broadcast-zero-wake] #335872 pid=2 cond=0x5d9000040 skip_bridge=true
[WARN] kernel::syscall::posix: [cond-broadcast] #337920 pid=2 cond=0x5d4000048 woke=0
[WARN] kernel::syscall::posix: [cond-broadcast] #339968 pid=2 cond=0x5d8000048 woke=0
[WARN] kernel::syscall::posix: [cond-broadcast-zero-wake] #339968 pid=2 cond=0x5d7000048 skip_bridge=true
[WARN] kernel::syscall::posix: [cond-broadcast] #342016 pid=2 cond=0x5d4000048 woke=0
[WARN] kernel::syscall::posix: [cond-broadcast] #344064 pid=2 cond=0x5d8000048 woke=0
[WARN] kernel::syscall::posix: [cond-broadcast-zero-wake] #344064 pid=2 cond=0x5d4000048 skip_bridge=true
[WARN] kernel::syscall::posix: [cond-signal] #57 pid=2 cond=0x12cd000040 woke=0
[WARN] kernel::syscall::posix: [cond-broadcast] #346112 pid=2 cond=0x5d4000048 woke=0
[WARN] kernel::syscall::posix: [cond-broadcast] #348160 pid=2 cond=0x5d4000048 woke=0
[WARN] kernel::syscall::posix: [cond-broadcast-zero-wake] #348160 pid=2 cond=0x5d4000048 skip_bridge=true
[embedder] post_task runner=0 task=1c now=17979d01398b2118 target=17979d01398a14dd
[WARN] kernel::syscall::poll: [tfd67-arm] #164 pid=2 delta=1000000ns period=1700000012533019666ns orig_exp=true
[WARN] kernel::syscall::posix: [cond-broadcast] #350208 pid=2 cond=0x5d4000048 woke=0
[WARN] kernel::syscall::posix: [cond-broadcast] #352256 pid=2 cond=0x5d8000048 woke=0
[WARN] kernel::syscall::posix: [cond-broadcast-zero-wake] #352256 pid=2 cond=0x5d4000048 skip_bridge=true
[WARN] kernel::syscall::posix: [cond-broadcast] #354304 pid=2 cond=0x5d4000048 woke=0
[WARN] kernel::syscall::posix: [cond-broadcast] #356352 pid=2 cond=0x5d4000048 woke=0
[WARN] kernel::syscall::posix: [cond-broadcast-zero-wake] #356352 pid=2 cond=0x5d4000048 skip_bridge=true
[WARN] kernel::syscall::handlers::fd: [write-trace] pid=2 fd=5 len=24
[WARN] kernel::syscall::handlers::fd: [pipe-write] #7 pid=2 fd=5 pipe_id=0 req_len=24 wrote=24 pipe_len=24 free_before=4096
flutter: [shell-ui] pointer_down x=1186.0 y=40.0
[WARN] kernel::syscall::posix: [cond-broadcast] #358400 pid=2 cond=0x5d4000048 woke=0
[WARN] kernel::syscall::handlers::fd: [write-trace] pid=2 fd=5 len=24
[WARN] kernel::syscall::handlers::fd: [pipe-write] #8 pid=2 fd=5 pipe_id=0 req_len=24 wrote=24 pipe_len=48 free_before=4072
[WARN] kernel::syscall::posix: [cond-broadcast] #360448 pid=2 cond=0x5d8000048 woke=0
[WARN] kernel::syscall::posix: [cond-broadcast-zero-wake] #360448 pid=2 cond=0x5d7000048 skip_bridge=true
[WARN] kernel::syscall::posix: [cond-broadcast] #362496 pid=2 cond=0x5d4000048 woke=0
[WARN] kernel::syscall::poll: [tfd67-arm] #165 pid=2 delta=1000000ns period=1700000012533314000ns orig_exp=true
[WARN] kernel::syscall::posix: [malloc] progress: 100000 mallocs pid=2
[WARN] kernel::syscall::posix: [cond-broadcast] #364544 pid=2 cond=0x5d7000048 woke=0
[WARN] kernel::syscall::posix: [cond-broadcast-zero-wake] #364544 pid=2 cond=0x5d9000040 skip_bridge=true
flutter: [shell-ui] install_tap
[embedder] post_task runner=0 task=1d now=17979d01563468d8 target=17979d01563358b5
[WARN] kernel::syscall::poll: [tfd67-arm] #166 pid=2 delta=1000000ns period=1700000012533542333ns orig_exp=true
[WARN] kernel::syscall::poll: [tfd67-arm] #167 pid=2 delta=1000000ns period=1700000012533925666ns orig_exp=true
[WARN] kernel::syscall::poll: [tfd67-arm] #168 pid=2 delta=1000000ns period=1700000012535465333ns orig_exp=true
[WARN] kernel::syscall::handlers::fd: [tfd-read] pid=3 tfd=69 count=2593
[WARN] kernel::syscall::poll: [epoll70-enter] #37 pid=4 to=4294967295 rip=0x7fffeefa
[WARN] kernel::syscall::handlers::fd: [tfd-read] pid=4 tfd=71 count=2592
[WARN] kernel::syscall::poll: [epoll70-enter] #38 pid=4 to=4294967295 rip=0x7fffeefa
[WARN] kernel::syscall::poll: [epoll70-empty] #19 pid=4 no-ready
[WARN] kernel::syscall::poll: [epoll72-ready-fast] #13 pid=7 epfd=72 ready=2 ev=0x1 data=0x0
[WARN] kernel::syscall::handlers::fd: [tfd-read] pid=7 tfd=73 count=2592
[WARN] kernel::wm: [pop] #45 consumer_pid=1 returned_kind=1 b=0 qlen=0 ptr_in_q=0
[embedder] schedule_frame begin idle
[WARN] kernel::syscall::poll: [tfd67-arm] #169 pid=1 delta=1000000ns period=1700000012535465333ns orig_exp=true
[embedder] schedule_frame end idle rc=0
[embedder] run_task runner=0 task=1c now=17979d0157221c68
[WARN] kernel::syscall::poll: [tfd67-arm] #170 pid=1 delta=1000000ns period=1700000012535465333ns orig_exp=true
[embedder] run_task runner=0 task=1d now=17979d0157221c68
[embedder/shell] platform message
[INFO] kernel::app_registry: [APP] Installed 'Demo' id=1
[embedder/shell] installed id=1
[embedder] PANIC
[INFO] kernel::process: [Process] pid=1 exited with code 1
[WARN] kernel::syscall::handlers::fd: [trace] sys_exit: pid=1 no parent — falling through to scheduler
[WARN] kernel::process: [sched-debug] next_runnable_pid(curr=0) -> Some(2)
[WARN] kernel::syscall::handlers::fd: [tfd-read] pid=2 tfd=67 count=1
[WARN] kernel::syscall::poll: [tfd67-arm] #171 pid=2 delta=1000000ns period=1700000012535465333ns orig_exp=true
